"abbr";"taxon"
"abie alba";"Abies alba"
"acer camp";"Acer campestre"
"acer plat";"Acer platanoides"
"acer pseu";"Acer pseudoplatanus"
"achi atra";"Achillea atrata"
"achi clav";"Achillea clavenae"
"achi mill";"Achillea millefolium"
"achi mill m";"Achillea millefolium ssp. millefolium"
"achi mill s";"Achillea millefolium ssp. sudetica"
"achi mosc";"Achillea moschata"
"achi ptar";"Achillea ptarmica"
"achn cala";"Achnatherum calamagrostis"
"acin alpi";"Acinos alpinus"
"acin arve";"Acinos arvensis"
"acon nape";"Aconitum napellus"
"acon nape h";"Aconitum napellus ssp. hians"
"acon nape n";"Aconitum napellus ssp. neomontanum"
"acon taur";"Aconitum napellus ssp. tauricum"
"acon pani";"Aconitum paniculatum"
"acon vari";"Aconitum variegatum ssp. variegatum"
"acor cala";"Acorus calamus"
"acta spic";"Actaea spicata"
"aden alli";"Adenostyles alliariae"
"aden glab";"Adenostyles glabra"
"adon aest";"Adonis aestivalis"
"adon flam";"Adonis flammea"
"adox mosc";"Adoxa moschatellina"
"aego poda";"Aegopodium podagraria"
"aesc hipp";"Aesculus hippocastanum"
"aeth saxa";"Aethionema saxatile"
"aeth cyna";"Aethusa cynapium"
"ager mexi";"Ageratum mexicanum"
"agri eupa";"Agrimonia eupatoria"
"agri proc";"Agrimonia procera"
"elym cani";"Elymus caninus"
"agro repe";"Elymus repens"
"agro gith";"Agrostemma githago"
"agro alpi";"Agrostis alpina"
"agro cani";"Agrostis canina"
"agro rupe";"Agrostis rupestris"
"agro schr";"Agrostis schraderiana"
"agro stol";"Agrostis stolonifera"
"agro giga";"Agrostis gigantea"
"agro tenu";"Agrostis capillaris"
"aila alti";"Ailanthus altissima"
"ajug gene";"Ajuga genevensis"
"ajug pyra";"Ajuga pyramidalis"
"ajug rept";"Ajuga reptans"
"alch alpi";"Alchemilla alpina agg."
"alch conj";"Alchemilla conjuncta agg."
"alch anis";"Alchemilla anisiaca"
"alch hopp";"Alchemilla hoppeana"
"alch pall";"Alchemilla pallens"
"alch plic";"Alchemilla plicatula s.str."
"alch fiss";"Alchemilla fissa agg."
"alch hybr";"Alchemilla hybrida agg."
"alch vulg";"Alchemilla vulgaris agg."
"alis plan";"Alisma plantago-aquatica"
"alli peti";"Alliaria petiolata"
"alli angu";"Allium angulosum"
"alli cari";"Allium carinatum"
"alli mont";"Allium senescens ssp. montanum"
"alli oler";"Allium oleraceum"
"alli para";"Allium paradoxum"
"alli scho";"Allium schoenoprasum"
"alli stri";"Allium strictum"
"alli ursi";"Allium ursinum"
"alli vict";"Allium victorialis"
"alli vine";"Allium vineale"
"alnu glut";"Alnus glutinosa"
"alnu inca";"Alnus incana"
"alnu viri";"Alnus alnobetula"
"alop aequ";"Alopecurus aequalis"
"alop geni";"Alopecurus geniculatus"
"alop myos";"Alopecurus myosuroides"
"alop prat";"Alopecurus pratensis"
"alys alys";"Alyssum alyssoides"
"amar hybr";"Amaranthus powellii"
"amar caud";"Amaranthus caudatus"
"amar livi";"Amaranthus lividus"
"amar retr";"Amaranthus retroflexus"
"ambr arte";"Ambrosia artemisiifolia"
"ambr trif";"Ambrosia trifida"
"amel oval";"Amelanchier ovalis"
"ammi maju";"Ammi majus"
"anag arve";"Anagallis arvensis"
"anag tene";"Anagallis tenella"
"anch arve";"Anchusa arvensis"
"anch azur";"Anchusa azurea"
"anch offi";"Anchusa officinalis"
"andr poli";"Andromeda polifolia"
"andr alpi";"Androsace alpina"
"andr cham";"Androsace chamaejasme"
"andr haus";"Androsace hausmannii"
"andr helv";"Androsace helvetica"
"andr lact";"Androsace lactea"
"andr obtu";"Androsace obtusifolia"
"andr wulf";"Androsace wulfeniana"
"anem bald";"Anemone baldensis"
"anem narc";"Anemone narcissiflora"
"anem nemo";"Anemone nemorosa"
"anem ranu";"Anemone ranunculoides"
"anem trif";"Anemone trifolia"
"ange sylv";"Angelica sylvestris ssp. sylvestris"
"ante carp";"Antennaria carpatica"
"ante dioi";"Antennaria dioica"
"anth arve";"Anthemis arvensis"
"anth aust";"Anthemis austriaca"
"anth cotu";"Anthemis cotula"
"anth tinc";"Anthemis tinctoria"
"anth ramo";"Anthericum ramosum"
"anth alpi";"Anthoxanthum alpinum"
"anth odor";"Anthoxanthum odoratum"
"anth niti";"Anthriscus nitidus"
"anth sylv";"Anthriscus sylvestris"
"anth vuln";"Anthyllis vulneraria s.l."
"anth alpe";"Anthyllis vulneraria ssp. alpestris"
"anth vuln c";"Anthyllis vulneraria ssp. carpatica"
"aper spic";"Apera spica-venti"
"apha arve";"Aphanes arvensis"
"apiu repe";"Apium repens"
"apos foet";"Aposeris foetida"
"aqui atra";"Aquilegia atrata"
"aqui vulg";"Aquilegia vulgaris"
"arab thal";"Arabidopsis thaliana"
"arab alpi";"Arabis alpina"
"arab caer";"Arabis caerulea"
"arab cauc";"Arabis caucasica"
"arab cili";"Arabis ciliata"
"arab glab";"Arabis glabra"
"arab hirs";"Arabis hirsuta"
"arab pumi";"Arabis bellidifolia"
"arab soye";"Arabis soyeri ssp. subcoriacea"
"arab stel";"Arabis stellulata"
"arab sude";"Arabis sudetica"
"arct lapp";"Arctium lappa"
"arct minu";"Arctium minus s.str."
"arct nemo";"Arctium nemorosum"
"arct tome";"Arctium tomentosum"
"arct alpi";"Arctostaphylos alpinus"
"arct uva-";"Arctostaphylos uva-ursi"
"aren bifl";"Arenaria biflora"
"aren cili";"Arenaria ciliata"
"aren mars";"Arenaria marschlinsii"
"aren serp";"Arenaria serpyllifolia"
"aris clem";"Aristolochia clematitis"
"arme alpi";"Armeria alpina"
"armo rust";"Armoracia rusticana"
"arni mont";"Arnica montana"
"arrh elat";"Arrhenatherum elatius"
"arte absi";"Artemisia absinthium"
"arte camp";"Artemisia campestris"
"arte geni";"Artemisia genipi"
"arte mute";"Artemisia mutellina"
"arte scop";"Artemisia scoparia"
"arte verl";"Artemisia verlotiorum"
"arte vulg";"Artemisia vulgaris"
"arum macu";"Arum maculatum s.str."
"arun dioi";"Aruncus dioicus"
"asar euro";"Asarum europaeum"
"asar euro e";"Asarum europaeum ssp. europaeum"
"asar euro c";"Asarum europaeum ssp. caucasicum"
"aspa offi";"Asparagus officinalis"
"aspe proc";"Asperugo procumbens"
"aspe cyna";"Asperula cynanchica"
"aspl ruta";"Asplenium ruta-muraria ssp. ruta-muraria"
"aspl sept";"Asplenium septentrionale"
"aspl tric";"Asplenium trichomanes ssp. trichomanes"
"aspl viri";"Asplenium viride"
"aste alpi";"Aster alpinus"
"aste bell";"Aster bellidiastrum"
"aste novi";"Aster novi-belgii agg."
"astr alpi";"Astragalus alpinus"
"astr aust";"Astragalus australis"
"astr cice";"Astragalus cicer"
"astr frig";"Astragalus frigidus"
"astr glyc";"Astragalus glycyphyllos"
"astr norv";"Astragalus norvegicus"
"astr pend";"Astragalus penduliflorus"
"astr majo";"Astrantia major ssp.major"
"atha cret";"Athamanta cretensis"
"athy dist";"Athyrium distentifolium"
"athy fili";"Athyrium filix-femina"
"atri acum";"Atriplex acuminata"
"atri patu";"Atriplex patula"
"atri rose";"Atriplex rosea"
"atro bell";"Atropa bella-donna"
"auri saxa";"Aurinia saxatilis"
"aven fatu";"Avena fatua"
"aven nuda";"Avena nuda"
"aven flex";"Avenella flexuosa"
"aven adsu1";"Avenula adsurgens"
"aven adsu a";"Avenula adsurgens ssp. ausserdorferi"
"aven prat1";"Avenula pratensis"
"aven pube";"Avenula pubescens"
"aven vers";"Avenula versicolor"
"ball nigr";"Ballota nigra"
"barb stri";"Barbarea stricta"
"barb inte";"Barbarea intermedia"
"barb vulg";"Barbarea vulgaris"
"bart alpi";"Bartsia alpina"
"bell pere";"Bellis perennis"
"berb vulg";"Berberis vulgaris"
"berg cras";"Bergenia crassifolia"
"bert inca";"Berteroa incana"
"beru erec";"Berula erecta"
"beto alop";"Betonica alopecuros"
"beto offi";"Betonica officinalis"
"betu humi";"Betula humilis"
"betu nana";"Betula nana"
"betu pend";"Betula pendula"
"betu pube";"Betula pendula x pubescens (B. x aschersoniana)"
"bide cern";"Bidens cernua"
"bide fron";"Bidens frondosa"
"bide trip";"Bidens tripartitus"
"bifo radi";"Bifora radians"
"bisc laev";"Biscutella laevigata ssp. laevigata"
"blec spic";"Blechnum spicant"
"blys comp";"Blysmus compressus"
"bora offi";"Borago officinalis"
"botr luna";"Botrychium lunaria"
"botr matr";"Botrychium matricariifolium"
"botr mult";"Botrychium multifidum"
"botr virg";"Botrychium virginianum"
"brac pinn";"Brachypodium pinnatum"
"brac rupe";"Brachypodium rupestre"
"brac sylv";"Brachypodium sylvaticum"
"bras junc";"Brassica juncea"
"bras napu";"Brassica napus"
"bras nigr";"Brassica nigra"
"bras rapa";"Brassica rapa"
"briz medi";"Briza media"
"brom arve";"Bromus arvensis"
"brom bene";"Bromus benekenii"
"brom comm";"Bromus commutatus"
"brom erec";"Bromus erectus ssp. erectus"
"brom hord";"Bromus hordeaceus"
"brom iner";"Bromus inermis"
"brom race";"Bromus racemosus"
"brom ramo";"Bromus ramosus"
"brom seca";"Bromus secalinus"
"brom squa";"Bromus squarrosus"
"brom ster";"Bromus sterilis"
"brom tect";"Bromus tectorum"
"brun macr";"Brunnera macrophylla"
"budd davi";"Buddleja davidii"
"bugl arve";"Buglossoides arvensis"
"buni eruc";"Bunias erucago"
"buni orie";"Bunias orientalis"
"buph sali";"Buphthalmum salicifolium"
"bupl long";"Bupleurum longifolium"
"bupl ranu";"Bupleurum ranunculoides"
"bupl rotu";"Bupleurum rotundifolium"
"bray alpi";"Braya alpina"
"cala arun";"Calamagrostis arundinacea"
"cala cane";"Calamagrostis canescens"
"cala epig";"Calamagrostis epigejos"
"cala pseu";"Calamagrostis pseudophragmites"
"cala vari";"Calamagrostis varia"
"cala vill";"Calamagrostis villosa"
"cala eins";"Calamintha einseleana"
"cala sylv";"Calamintha sylvatica"
"cale offi";"Calendula officinalis"
"call palu";"Calla palustris"
"call cori";"Callianthemum coriandrifolium"
"call coph";"Callitriche cophocarpa"
"calli palu";"Callitriche palustris"
"call vulg";"Calluna vulgaris"
"calt palu";"Caltha palustris"
"caly stip";"Calycocorsus stipitatus"
"caly sepi";"Calystegia sepium"
"came alys";"Camelina alyssum"
"came sati";"Camelina sativa agg."
"came micr";"Camelina microcarpa"
"camp alpi";"Campanula alpina"
"camp barb";"Campanula barbata"
"camp coch";"Campanula cochleariifolia"
"camp glom";"Campanula glomerata ssp. glomerata"
"camp lati";"Campanula latifolia"
"camp patu";"Campanula patula"
"camp pers";"Campanula persicifolia"
"camp pull";"Campanula pulla"
"camp rapu";"Campanula rapunculoides"
"camp rotu";"Campanula rotundifolia"
"camp sche";"Campanula scheuchzeri"
"camp thyr";"Campanula thyrsoides ssp. thyrsoides"
"camp trac";"Campanula trachelium"
"cann sati";"Cannabis sativa"
"caps burs";"Capsella bursa-pastoris"
"card alpi";"Cardamine alpina"
"card amar";"Cardamine amara"
"card flex";"Cardamine flexuosa"
"card hirs";"Cardamine hirsuta"
"card impa";"Cardamine impatiens"
"card rese";"Cardamine resedifolia"
"card trif";"Cardamine trifolia"
"card aren";"Cardaminopsis arenosa"
"card hall";"Cardaminopsis halleri"
"card drab";"Cardaria draba"
"card acan";"Carduus acanthoides"
"card cras";"Carduus crassifolius"
"card cris";"Carduus crispus"
"card defl";"Carduus defloratus ssp. defloratus"
"card nuta";"Carduus nutans"
"card pers";"Carduus personata"
"care acut";"Carex acutiformis"
"care alba";"Carex alba"
"care appr";"Carex appropinquata"
"care ater";"Carex aterrima"
"care atra";"Carex atrata"
"care bico";"Carex bicolor"
"care bige";"Carex bigelowii"
"care brac";"Carex brachystachys"
"care briz";"Carex brizoides"
"care brun";"Carex brunnescens"
"care brun b";"Carex brunnescens ssp. brunnescens"
"care brun v";"Carex brunnescens ssp. vitilis"
"care buxb";"Carex buxbaumii"
"care cane";"Carex canescens"
"care capi";"Carex capillaris"
"care cary";"Carex caryophyllea"
"care cesp";"Carex cespitosa"
"care chor";"Carex chordorrhiza"
"care curv";"Carex curvula ssp. curvula"
"care dava";"Carex davalliana"
"care dian";"Carex diandra"
"care digi";"Carex digitata"
"care dioi";"Carex dioica"
"care dista";"Carex distans"
"care disti";"Carex disticha"
"care echi";"Carex echinata"
"care elat";"Carex elata"
"care elon";"Carex elongata"
"care eric";"Carex ericetorum"
"care ferr";"Carex ferruginea"
"care firm";"Carex firma"
"care flac";"Carex flacca"
"care flav";"Carex flava"
"care frig";"Carex frigida"
"care fuli";"Carex fuliginosa"
"care grac";"Carex gracilis"
"care hart";"Carex hartmanii"
"care hele";"Carex heleonastes"
"care hirt";"Carex hirta"
"care host";"Carex hostiana"
"care humi";"Carex humilis"
"care lach";"Carex bipartita"
"care lasi";"Carex lasiocarpa"
"care lepi";"Carex lepidocarpa"
"care lepo";"Carex leporina"
"care limo";"Carex limosa"
"care micr";"Carex microglochin"
"care mont";"Carex montana"
"care mucr";"Carex mucronata"
"care nigr";"Carex nigra"
"care oede";"Carex viridula"
"care orni";"Carex ornithopoda ssp. ornitopoda"
"care ornio";"Carex ornithopoides"
"care otru";"Carex otrubae"
"care pair";"Carex paire"
"care pall";"Carex pallescens"
"care pani";"Carex panicea"
"care pann";"Carex paniculata"
"care parv";"Carex parviflora"
"care pauc";"Carex pauciflora"
"care paup";"Carex paupercula"
"care pend";"Carex pendula"
"care pilo";"Carex pilosa"
"care pilu";"Carex pilulifera"
"care poly";"Carex leersiana"
"care pseu";"Carex pseudocyperus"
"care puli";"Carex pulicaris"
"care remo";"Carex remota"
"care ripa";"Carex riparia"
"care rost";"Carex rostrata"
"care rupe";"Carex rupestris"
"care semp";"Carex sempervirens"
"care spic";"Carex spicata"
"care stri";"Carex strigosa"
"care sylv";"Carex sylvatica"
"care tome";"Carex tomentosa"
"care umbr";"Carex umbrosa"
"care vesi";"Carex vesicaria"
"care vulpa";"Carex vulpina"
"care vulpo";"Carex vulpinoidea"
"carl acau";"Carlina acaulis ssp. acaulis"
"carl stri";"Carlina stricta"
"carl vulg";"Carlina vulgaris ssp. vulgaris"
"carp betu";"Carpinus betulus"
"caru carv";"Carum carvi"
"cata aqua";"Catabrosa aquatica"
"cauc plat";"Caucalis platycarpos ssp. platycarpos"
"cent cyan";"Centaurea cyanus"
"cent jace";"Centaurea jacea ssp. jacea"
"cent mont";"Centaurea montana ssp. montana"
"cent pseu";"Centaurea pseudophrygia"
"cent scaa";"Centaurea scabiosa ssp. alpestris"
"cent scab";"Centaurea scabiosa ssp. scabiosa"
"cent sols";"Centaurea solstitialis"
"cent stoe";"Centaurea stoebe"
"cent eryt";"Centaurium erythraea"
"cent pulc";"Centaurium pulchellum"
"cent mini";"Centunculus minimus"
"ceph dama";"Cephalanthera damasonium"
"ceph long";"Cephalanthera longifolia"
"ceph rubr";"Cephalanthera rubra"
"cera alpi";"Cerastium alpinum"
"cera arve";"Cerastium arvense"
"cera arve a";"Cerastium arvense ssp. arvense"
"cera arve s";"Cerastium arvense ssp. strictum"
"cera brac";"Cerastium brachypetalum"
"cera cari";"Cerastium carinthiacum"
"cera cera";"Cerastium cerastioides"
"cera font";"Cerastium fontanum"
"cera glom";"Cerastium glomeratum"
"cera glut";"Cerastium glutinosum"
"cera holo";"Cerastium holosteoides"
"cera macr";"Cerastium lucorum"
"cera pedu";"Cerastium pedunculatum"
"cera pumi";"Cerastium pumilum"
"cera tome";"Cerastium tomentosum"
"cera unif";"Cerastium uniflorum"
"cera deme";"Ceratophyllum demersum"
"ceri mino";"Cerinthe minor"
"chae minu";"Microrrhinum minus"
"chae aure";"Chaerophyllum aureum"
"chae hirs";"Chaerophyllum hirsutum"
"chae temu";"Chaerophyllum temulum"
"chae vill";"Chaerophyllum villarsii"
"cham supi";"Chamaecytisus supinus"
"cham alpi";"Chamorchis alpina"
"chel maju";"Chelidonium majus"
"chen albu";"Chenopodium album"
"chen bonu";"Chenopodium bonus-henricus"
"chen capi";"Chenopodium capitatum"
"chen fici";"Chenopodium ficifolium"
"chen glau";"Chenopodium glaucum"
"chen hybr";"Chenopodium hybridum"
"chen mura";"Chenopodium murale"
"chen opul";"Chenopodium opulifolium"
"chen poly";"Chenopodium polyspermum"
"chen rubr";"Chenopodium rubrum"
"chen stri";"Chenopodium strictum"
"chen urbi";"Chenopodium urbicum"
"chen vulv";"Chenopodium vulvaria"
"chry alte";"Chrysosplenium alternifolium"
"cice alpi";"Cicerbita alpina"
"cich inty";"Cichorium intybus"
"cicu viro";"Cicuta virosa"
"circ alpi";"Circaea alpina"
"circ x in";"Circaea x intermedia"
"circ lute";"Circaea lutetiana ssp. lutetiana"
"cirs arve";"Cirsium arvense"
"cirs carn";"Cirsium carniolicum"
"cirs erio";"Cirsium eriophorum"
"cirs eris";"Cirsium erisithales"
"cirs hete";"Cirsium heterophyllum"
"cirs oler";"Cirsium oleraceum"
"cirs palu";"Cirsium palustre"
"cirs rivu";"Cirsium rivulare"
"cirs spin";"Cirsium spinosissimum"
"cirs vulg";"Cirsium vulgare"
"cist mons";"Cistus monspeliensis"
"clad mari";"Cladium mariscus"
"clem alpi";"Clematis alpina"
"clem vita";"Clematis vitalba"
"clin vulg";"Clinopodium vulgare"
"coel viri";"Coeloglossum viride"
"colc autu";"Colchicum autumnale"
"coni tata";"Conioselinum tataricum"
"coni macu";"Conium maculatum"
"conr orie";"Conringia orientalis"
"cons rega";"Consolida regalis"
"conv maja";"Convallaria majalis"
"conv arve";"Convolvulus arvensis"
"cony cana";"Conyza canadensis"
"cora trif";"Corallorhiza trifida"
"corn mas";"Cornus mas"
"corn sang";"Cornus sanguinea s.l."
"coro emer";"Hippocrepis emerus ssp. emerus"
"coro vagi";"Coronilla vaginalis"
"coro vari";"Securigera varia"
"cort matt";"Cortusa matthioli"
"cory cava";"Corydalis cava"
"cory inte";"Corydalis intermedia"
"cory lute";"Corydalis lutea"
"cory avel";"Corylus avellana"
"coto hori";"Cotoneaster horizontalis"
"coto inte";"Cotoneaster integerrimus"
"coto tome";"Cotoneaster tomentosus"
"crat laev";"Crataegus laevigata"
"crat mono";"Crataegus monogyna"
"crep alpe";"Crepis alpestris"
"crep aure";"Crepis aurea"
"crep bien";"Crepis biennis"
"crep capi";"Crepis capillaris"
"crep cony";"Crepis conyzifolia"
"crep jacq";"Crepis jacquinii"
"crep kern";"Crepis kerneri"
"crep moll";"Crepis mollis"
"crep nica";"Crepis nicaeensis"
"crep palu";"Crepis paludosa"
"crep pont";"Crepis pontana"
"crep prae";"Crepis praemorsa"
"crep pyre";"Crepis pyrenaica"
"crep seto";"Crepis setosa"
"crep tect";"Crepis tectorum"
"crep terg";"Crepis terglouensis"
"croc albi";"Crocus albiflorus"
"cruc glab";"Cruciata glabra"
"cruc laev";"Cruciata laevipes"
"cryp cris";"Cryptogramma crispa"
"cusc camp";"Cuscuta campestris"
"cusc epil";"Cuscuta epilinum"
"cusc epit";"Cuscuta epithymum ssp. epithymum"
"cusc euro";"Cuscuta europaea"
"cycl purp";"Cyclamen purpurascens"
"cymb mura";"Cymbalaria muralis"
"cyno dact";"Cynodon dactylon"
"cyno offi";"Cynoglossum officinale"
"cyno cris";"Cynosurus cristatus"
"cyno echi";"Cynosurus echinatus"
"cype flav";"Cyperus flavescens"
"cype fusc";"Cyperus fuscus"
"cypr calc";"Cypripedium calceolus"
"cyst frag";"Cystopteris fragilis"
"cyst mont";"Cystopteris montana"
"cyst regi";"Cystopteris alpina"
"cyti scop";"Cytisus scoparius"
"dact glom";"Dactylis glomerata"
"dact crue";"Dactylorhiza cruenta"
"dact inca";"Dactylorhiza incarnata ssp. incarnata"
"dact macu";"Dactylorhiza maculata"
"dact maja";"Dactylorhiza majalis"
"dact samb";"Dactylorhiza sambucina"
"dact trau";"Dactylorhiza traunsteineri"
"dant decu";"Danthonia decumbens"
"dant decu du";"Danthonia decumbens ssp. decumbens"
"dant decu di";"Danthonia decumbens ssp. decipiens"
"daph meze";"Daphne mezereum"
"datu stra";"Datura stramonium"
"dauc caro";"Daucus carota"
"delp elat";"Delphinium elatum ssp. austriacum"
"dent bulb";"Dentaria bulbifera"
"dent enne";"Dentaria enneaphyllos"
"desc cesp";"Deschampsia cespitosa"
"desc soph";"Descurainia sophia"
"dian arme";"Dianthus armeria"
"dian barb";"Dianthus barbatus"
"dian cart";"Dianthus carthusianorum ssp. carthusianorum"
"dian delt";"Dianthus deltoides"
"dian glac";"Dianthus glacialis"
"dian supe";"Dianthus superbus"
"dian supe a";"Dianthus superbus ssp. alpestris"
"dian supe s";"Dianthus superbus ssp. superbus"
"dian sylv";"Dianthus sylvestris"
"digi gran";"Digitalis grandiflora"
"digi purp";"Digitalis purpurea"
"digi isch";"Digitaria ischaemum"
"digi sang";"Digitaria sanguinalis ssp. sanguinalis"
"diph alpi";"Lycopodium alpinum"
"diph comp";"Lycopodium complanatum"
"diph issl";"Lycopodium issleri"
"dipl mura";"Diplotaxis muralis"
"dipl tenu";"Diplotaxis tenuifolia"
"dips full";"Dipsacus fullonum"
"dips pilo";"Dipsacus pilosus"
"doro aust";"Doronicum austriacum"
"doro clus";"Doronicum clusii"
"doro colu";"Doronicum columnae"
"doro glac";"Doronicum glaciale"
"doro gran";"Doronicum grandiflorum"
"doro stir";"Doronicum stiriacum"
"drab aizo";"Draba aizoides"
"drab dubi";"Draba dubia"
"drab flad";"Draba fladnizensis"
"drab hopp";"Draba hoppeana"
"drab pach";"Draba pacheri"
"drab saut";"Draba sauteri"
"drab sili";"Draba siliquosa"
"drab tome";"Draba tomentosa"
"dros angl";"Drosera anglica"
"dros inte";"Drosera intermedia"
"dros x ob";"Drosera x obovata"
"dros rotu";"Drosera rotundifolia"
"drya octo";"Dryas octopetala"
"dryo assi";"Dryopteris assimilis"
"dryo cart";"Dryopteris carthusiana"
"dryo cris";"Dryopteris cristata"
"dryo dila";"Dryopteris dilatata"
"dryo fili";"Dryopteris filix-mas"
"dryo pseu";"Dryopteris pseudomas"
"dryo vill";"Dryopteris villarii"
"duch indi";"Duchesnea indica"
"echi crus";"Echinochloa crus-galli"
"echi spha";"Echinops sphaerocephalus"
"echi vulg";"Echium vulgare"
"elat tria";"Elatine triandra"
"eleo acic";"Eleocharis acicularis"
"eleo mami";"Eleocharis mamillata ssp. austriaca"
"eleo ovat";"Eleocharis ovata"
"eleo palu";"Eleocharis palustris"
"eleo quin";"Eleocharis quinqueflora"
"eleo unig";"Eleocharis uniglumis"
"elod cana";"Elodea canadensis"
"elyn myos";"Kobresia myosuroides"
"empe herm";"Empetrum hermaphroditum"
"epil aden";"Epilobium ciliatum"
"epil alpe";"Epilobium alpestre"
"epil alsi";"Epilobium alsinifolium"
"epil anag";"Epilobium anagallidifolium"
"epil angu";"Epilobium angustifolium"
"epil coll";"Epilobium collinum"
"epil hirs";"Epilobium hirsutum"
"epil mont";"Epilobium montanum"
"epil nuta";"Epilobium nutans"
"epil obsc";"Epilobium obscurum"
"epil palu";"Epilobium palustre"
"epil parv";"Epilobium parviflorum"
"epil rose";"Epilobium roseum"
"epil tetr";"Epilobium tetragonum"
"epil tetr l";"Epilobium tetragonum ssp. lamyi"
"epil tetr t";"Epilobium tetragonum ssp. tetragonum"
"epip atro";"Epipactis atrorubens"
"epip hell";"Epipactis helleborine"
"epip palu";"Epipactis palustris"
"epip purp";"Epipactis purpurata"
"epip aphy";"Epipogium aphyllum"
"equi arve";"Equisetum arvense"
"equi fluv";"Equisetum fluviatile"
"equi hyem";"Equisetum hyemale"
"equi palu";"Equisetum palustre"
"equi prat";"Equisetum pratense"
"equi sylv";"Equisetum sylvaticum"
"equi telm";"Equisetum telmateia"
"equi vari";"Equisetum variegatum"
"erag mino";"Eragrostis minor"
"erag tric";"Eragrostis trichoides"
"eric herb";"Erica carnea"
"eric tetr";"Erica tetralix"
"erig acri";"Erigeron acris"
"erig acri ac";"Erigeron acris ssp. acris"
"erig acri an";"Erigeron acris ssp. angulosus"
"erig alpi";"Erigeron alpinus"
"erig annu";"Erigeron annuus s.l."
"erig annu a";"Erigeron annuus ssp. annuus"
"erig annu s";"Erigeron annuus ssp. septentrionalis"
"erig atti";"Erigeron atticus"
"erig gaud";"Erigeron gaudinii"
"erig negl";"Erigeron neglectus"
"erig poly";"Erigeron polymorphus"
"erig unif";"Erigeron uniflorus"
"erin alpi";"Erinus alpinus"
"erio angu";"Eriophorum angustifolium"
"erio grac";"Eriophorum gracile"
"erio lati";"Eriophorum latifolium"
"erio sche";"Eriophorum scheuchzeri"
"erio vagi";"Eriophorum vaginatum"
"erit nanu";"Eritrichum nanum"
"erod cicu";"Erodium cicutarium"
"erod mosc";"Erodium moschatum"
"erop vern";"Erophila verna s. str."
"eruc gall";"Erucastrum gallicum"
"eruc nast";"Erucastrum nasturtiifolium"
"erys chei";"Erysimum cheiranthoides"
"erys repa";"Erysimum repandum"
"erys sylv";"Erysimum sylvestre"
"erys virg";"Erysimum virgatum"
"euon euro";"Evonymus europaea"
"euon lati";"Evonymus latifolia"
"eupa cann";"Eupatorium cannabinum"
"euph amyg";"Euphorbia amygdaloides"
"euph aust";"Euphorbia austriaca"
"euph cypa";"Euphorbia cyparissias"
"euph dulc";"Euphorbia dulcis"
"euph esul";"Euphorbia esula"
"euph exig";"Euphorbia exigua"
"euph falc";"Euphorbia falcata"
"euph heli";"Euphorbia helioscopia"
"euph lath";"Euphorbia lathyris"
"euph macu";"Euphorbia maculata"
"euph myrs";"Euphorbia myrsinites"
"euph pepl";"Euphorbia peplus"
"euph plat";"Euphorbia platyphyllos"
"eupho stri";"Euphorbia stricta"
"euph verr";"Euphorbia verrucosa"
"euph virg";"Euphorbia virgata"
"euph mini";"Euphrasia minima"
"euph pict";"Euphrasia picta"
"euph rost";"Euphrasia rostkoviana"
"euph sali";"Euphrasia salisburgensis"
"euphr stri";"Euphrasia stricta"
"fago escu";"Fagopyrum esculentum"
"fagu sylv";"Fagus sylvatica"
"fall conv";"Fallopia convolvulus"
"fall dume";"Fallopia dumetorum"
"fest alpi";"Festuca alpina"
"fest alti";"Festuca altissima"
"fest amet";"Festuca amethystina"
"fest arun";"Festuca arundinacea"
"fest giga";"Festuca gigantea"
"fest hete";"Festuca heterophylla"
"fest inte";"Festuca intercedens"
"fest nigr";"Festuca nigrescens"
"fest nori";"Festuca norica"
"fest ovin";"Festuca ovina s.str."
"fest pall";"Festuca pallens"
"fest pict";"Festuca picturata"
"fest prat a";"Festuca apennina"
"fest prat";"Festuca pratensis ssp. pratensis"
"fest pseu";"Festuca pseudodura"
"fest pulc";"Festuca pulchella"
"fest pumi";"Festuca pumila"
"fest rubr";"Festuca rubra"
"fest rubr r";"Festuca rubra ssp. rubra"
"fest rubr j";"Festuca rubra ssp. juncea"
"fest sten";"Festuca stenantha"
"fest sulc";"Festuca stricta ssp. sulcata"
"fest brev";"Festuca stricta ssp. trachyphylla"
"fest tenu";"Festuca tenuifolia"
"fest vari";"Festuca varia"
"fest vivi";"Festuca vivipara"
"fila arve";"Filago arvensis"
"fili ulma";"Filipendula ulmaria"
"fili ulma d";"Filipendula ulmaria ssp. denudata"
"fili ulma u";"Filipendula ulmaria ssp. ulmaria"
"fili vulg";"Filipendula vulgaris"
"foen vulg";"Foeniculum vulgare"
"frag mosc";"Fragaria moschata"
"frag vesc";"Fragaria vesca"
"frag viri";"Fragaria viridis"
"fran alnu";"Frangula alnus"
"frax exce";"Fraxinus excelsior"
"fuma offi";"Fumaria officinalis"
"gage fist";"Gagea fistulosa"
"gage lute";"Gagea lutea"
"gage mini";"Gagea minima"
"gala niva";"Galanthus nivalis"
"gale offi";"Galega officinalis"
"gale arge";"Galeobdolon argentatum"
"gale flav";"Galeobdolon flavidum"
"gale mont";"Lamiastrum galeobdolon ssp. montanum"
"gale angu";"Galeopsis angustifolia"
"gale bifi";"Galeopsis bifida"
"gale lada";"Galeopsis ladanum"
"gale pube";"Galeopsis pubescens ssp. pubescens"
"gale spec";"Galeopsis speciosa"
"gale tetr";"Galeopsis tetrahit"
"gali cili";"Galinsoga ciliata"
"gali parv";"Galinsoga parviflora"
"gali albu";"Galium album"
"gali anis";"Galium anisophyllum"
"gali apar";"Galium aparine"
"gali aris";"Galium aristatum"
"gali bore";"Galium boreale"
"gali elon";"Galium elongatum"
"gali harc";"Galium saxatile"
"gali luci";"Galium lucidum"
"gali mega";"Galium megalospermum"
"gali moll";"Galium mollugo s.str."
"gali nori";"Galium noricum"
"gali odor";"Galium odoratum"
"gali palu";"Galium palustre ssp.palustre"
"gali pumi";"Galium pumilum"
"gali rotu";"Galium rotundifolium"
"gali spur";"Galium spurium"
"gali sylv";"Galium sylvaticum"
"gali tric";"Galium tricornutum"
"gali trun";"Galium truniacum"
"gali ulig";"Galium uliginosum"
"gali veru";"Galium verum"
"geni germ";"Genista germanica"
"geni tinc";"Genista tinctoria"
"gent acau";"Gentiana acaulis s.str."
"gent ascl";"Gentiana asclepiadea"
"gent bava";"Gentiana bavarica"
"gent brac";"Gentiana brachyphylla"
"gent clus";"Gentiana clusii"
"gent cruc";"Gentiana cruciata"
"gent lute";"Gentiana lutea"
"gent niva";"Gentiana nivalis"
"gent orbi";"Gentiana orbicularis"
"gent pann";"Gentiana pannonica"
"gent pneu";"Gentiana pneumonanthe"
"gent pros";"Gentiana prostrata"
"gent punc";"Gentiana punctata"
"gent utri";"Gentiana utriculosa"
"gent vern";"Gentiana verna"
"gent anis";"Gentianella anisodonta"
"gent aspe";"Gentianella aspera"
"gent cili";"Gentianopsis ciliata"
"gent germ";"Gentianella germanica"
"gent nana";"Comastoma nanum"
"gent tene";"Comastoma tenellum"
"gera colu";"Geranium columbinum"
"gera diss";"Geranium dissectum"
"gera moll";"Geranium molle"
"gera palu";"Geranium palustre"
"gera phae";"Geranium phaeum"
"gera phae l";"Geranium phaeum ssp. lividum"
"gera phae p";"Geranium phaeum ssp. phaeum"
"gera prat";"Geranium pratense"
"gera pusi";"Geranium pusillum"
"gera pyre";"Geranium pyrenaicum"
"gera robe";"Geranium robertianum"
"gera sylv";"Geranium sylvaticum"
"geum mont";"Geum montanum"
"geum rept";"Geum reptans"
"geum riva";"Geum rivale"
"geum urba";"Geum urbanum"
"glad palu";"Gladiolus palustris"
"glau corn";"Glaucium corniculatum"
"glec hede";"Glechoma hederacea"
"glob cord";"Globularia cordifolia"
"glob nudi";"Globularia nudicaulis"
"glyc decl";"Glyceria declinata"
"glyc flui";"Glyceria fluitans"
"glyc maxi";"Glyceria maxima"
"glyc nota";"Glyceria notata"
"gnap hopp";"Gnaphalium hoppeanum"
"gnap lute";"Pseudognaphalium luteoalbum"
"gnap norv";"Gnaphalium norvegicum"
"gnap supi";"Gnaphalium supinum"
"gnap sylv";"Gnaphalium sylvaticum"
"gnap ulig";"Gnaphalium uliginosum"
"good repe";"Goodyera repens"
"groe dens";"Groenlandia densa"
"gymn cono";"Gymnadenia conopsea"
"gymn odor";"Gymnadenia odoratissima"
"gymn dryo";"Gymnocarpium dryopteris"
"gymn robe";"Gymnocarpium robertianum"
"gyps mura";"Gypsophila muralis"
"gyps repe";"Gypsophila repens"
"hamm palu";"Hammarbya paludosa"
"hede heli";"Hedera helix"
"hedy hedy";"Hedysarum hedysaroides"
"heli alpe";"Helianthemum alpestre"
"heli gran";"Helianthemum grandiflorum"
"heli glab";"Helianthemum glabrum"
"xxxxxx";"FALSCHE PFLANZE"
"heli numm";"Helianthemum nummularium ssp. nummularium"
"heli ovat";"Helianthemum ovatum"
"heli annu";"Helianthus annuus"
"heli tube";"Helianthus tuberosus"
"heli parl";"Helictotrichon parlatorei"
"hell nige";"Helleborus niger"
"hell viri";"Helleborus viridis"
"heme fulv";"Hemerocallis fulva"
"hepa nobi";"Hepatica nobilis"
"hera aust";"Heracleum austriacum"
"hera spho";"Heracleum sphondylium"
"hera spho e";"Heracleum sphondylium ssp. elegans"
"hera spho s";"Heracleum sphondylium ssp. sphondylium"
"herm mono";"Herminium monorchis"
"hern glab";"Herniaria glabra"
"hern hirs";"Herniaria hirsuta"
"hesp matr";"Hesperis matronalis"
"hier alpi";"Hieracium alpinum"
"hier ampl";"Hieracium amplexicaule"
"hier aura";"Hieracium aurantiacum"
"hier bauh";"Hieracium bauhinii"
"hier bifi";"Hieracium bifidum"
"hier bocc";"Hieracium bocconei"
"hier brac";"Hieracium bracchiatum"
"hier bupl";"Hieracium bupleuroides"
"hier caes";"Hieracium caesium"
"hier caesp";"Hieracium caespitosum"
"hier cymo";"Hieracium cymosum"
"hier dent";"Hieracium dentatum"
"hier epim";"Hieracium epimedium"
"hier flor";"Hieracium floribundum"
"hier glab";"Hieracium glabratum"
"hier glac";"Hieracium glaciale"
"hier glan";"Hieracium glanduliferum"
"hier glaui";"Hieracium glaucinum"
"hier glauu";"Hieracium glaucum"
"hier hopp";"Hieracium hoppeanum"
"hier humi";"Hieracium humile"
"hier inty";"Hieracium intybaceum"
"hier inul";"Hieracium inuloides"
"hier lach";"Hieracium lachenalii"
"hier lact";"Hieracium lactucella"
"hier laev";"Hieracium laevigatum"
"hier mori";"Hieracium pilosum"
"hier nigr";"Hieracium nigrescens"
"hier oxyo";"Hieracium oxyodon"
"hier pila";"Hieracium pilosella"
"hier pilo";"Hieracium piloselloides agg."
"hier pren";"Hieracium prenanthoides"
"hier roha";"Hieracium rohacsense"
"hier saba";"Hieracium sabaudum"
"hier schu";"Hieracium schultesii"
"hier spha";"Hieracium sphaerocephalum"
"hier stat";"Chlorocrepis staticifolia"
"hier stol";"Hieracium stoloniferum"
"hier sylv";"Hieracium murorum"
"hier umbe";"Hieracium umbellatum"
"hier vald";"Hieracium valdepilosum"
"hier vill";"Hieracium villosum"
"hipp como";"Hippocrepis comosa"
"hipp rham";"Hippophae rhamnoides"
"hipp vulg";"Hippuris vulgaris"
"holc lana";"Holcus lanatus"
"holc moll";"Holcus mollis"
"holo umbe";"Holosteum umbellatum"
"homo alpi";"Homogyne alpina"
"homo disc";"Homogyne discolor"
"hord euro";"Hordelymus europaeus"
"hord juba";"Hordeum jubatum"
"hord muri";"Hordeum murinum"
"horm pyre";"Horminum pyrenaicum"
"humu lupu";"Humulus lupulus"
"hupe sela";"Huperzia selago"
"hutc alpi";"Pritzelago alpina"
"hutc alpi a";"Pritzelago alpina ssp. alpina"
"hutc alpi b";"Pritzelago alpina ssp. brevicaulis"
"hydr mors";"Hydrocharis morsus-ranae"
"hyos nige";"Hyoscyamus niger"
"hype hirs";"Hypericum hirsutum"
"hype humi";"Hypericum humifusum"
"hype macu";"Hypericum maculatum"
"hype mont";"Hypericum montanum"
"hype perf";"Hypericum perforatum"
"hype tetr";"Hypericum tetrapterum"
"hypo macu";"Hypochoeris maculata"
"hypo radi";"Hypochoeris radicata"
"hypo unif";"Hypochoeris uniflora"
"iber semp";"Iberis sempervirens"
"ilex aqui";"Ilex aquifolium"
"impa glan";"Impatiens glandulifera"
"impa noli";"Impatiens noli-tangere"
"impa parv";"Impatiens parviflora"
"inul brit";"Inula britannica"
"inul cony";"Inula conyza"
"inul hele";"Inula helenium"
"inul sali";"Inula salicina"
"iris germ";"Iris germanica"
"iris pseu";"Iris pseudacorus"
"iris sibi";"Iris sibirica"
"isoe lacu";"Isoetes lacustris"
"isol seta";"Isolepis setacea"
"iva xant";"Iva xanthiifolia"
"jasi mont";"Jasione montana"
"jovi aren";"Jovibarba arenaria"
"jugl regi";"Juglans regia"
"junc acut";"Juncus acutiflorus"
"junc alpi";"Juncus alpinoarticulatus"
"junc arti";"Juncus articulatus"
"junc bigl";"Juncus biglumis"
"junc bufo";"Juncus bufonius"
"junc bulb";"Juncus bulbosus"
"junc cast";"Juncus castaneus"
"junc comp";"Juncus compressus"
"junc cong";"Juncus conglomeratus"
"junc effu";"Juncus effusus"
"junc ensi";"Juncus ensifolius"
"junc fili";"Juncus filiformis"
"junc infl";"Juncus inflexus"
"junc jacq";"Juncus jacquinii"
"junc mona";"Juncus monanthos"
"junc squa";"Juncus squarrosus"
"junc subn";"Juncus subnodulosus"
"junc tenu";"Juncus tenuis"
"junc trif";"Juncus trifidus"
"junc trig";"Juncus triglumis"
"juni comm";"Juniperus communis"
"juni nana";"Juniperus communis ssp. alpina"
"juni comm c";"Juniperus communis ssp. communis"
"juni sabi";"Juniperus sabina"
"kern saxa";"Kernera saxatilis"
"kick spur";"Kickxia spuria"
"knau arve";"Knautia arvensis ssp arvenis"
"knau dips";"Knautia maxima"
"knau drym";"Knautia drymeia ssp. intermedia"
"knau long";"Knautia longifolia"
"kobr simp";"Kobresia simpliciuscula"
"koel macr";"Koeleria macrantha"
"koel pyra";"Koeleria pyramidata"
"lact serr";"Lactuca serriola"
"lami albu";"Lamium album"
"lami ampl";"Lamium amplexicaule"
"lami macu";"Lamium maculatum"
"lami orva";"Lamium orvala"
"lami purp";"Lamium purpureum"
"lapp defl";"Lappula deflexa"
"lapp squa";"Lappula squarrosa"
"laps comm";"Lapsana communis"
"lari deci";"Larix decidua"
"lase lati";"Laserpitium latifolium"
"lase prut";"Laserpitium prutenicum"
"lase sile";"Laserpitium siler"
"lath squa";"Lathraea squamaria"
"lath apha";"Lathyrus aphaca"
"lath hirs";"Lathyrus hirsutus"
"lath laev";"Lathyrus laevigatus ssp. occidentalis"
"lath nige";"Lathyrus niger"
"lath niss";"Lathyrus nissolia"
"lath palu";"Lathyrus palustris"
"lath prat";"Lathyrus pratensis"
"lath sylv";"Lathyrus sylvestris"
"lath tube";"Lathyrus tuberosus"
"leer oryz";"Leersia oryzoides"
"lego spec";"Legousia speculum-veneris"
"lemb nigr";"Lembotropis nigricans"
"lemn gibb";"Lemna gibba"
"lemn mino";"Lemna minor"
"lemn tris";"Lemna trisulca"
"leon autu";"Leontodon autumnalis"
"leon helv";"Leontodon helveticus"
"leon hisp";"Leontodon hispidus spp. hispidus"
"leon inca";"Leontodon incanus"
"leon mont";"Leontodon montanus"
"leon alpi";"Leontopodium alpinum"
"leon card";"Leonurus cardiaca"
"lepi camp";"Lepidium campestre"
"lepi dens";"Lepidium densiflorum"
"lepi hete";"Lepidium heterophyllum"
"lepi perf";"Lepidium perfoliatum"
"lepi rude";"Lepidium ruderale"
"lepi sati";"Lepidium sativum"
"lepi virg";"Lepidium virginicum"
"leuc gaud";"Leucanthemum gaudinii"
"leuc hall";"Leucanthemum halleri"
"leuc ircu";"Leucanthemum ircutianum"
"leuc vulg";"Leucanthemum vulgare"
"leuc vern";"Leucojum vernum"
"ligu mute";"Ligusticum mutellina"
"ligu muti";"Ligusticum mutellinoides"
"ligu vulg";"Ligustrum vulgare"
"lili bulb";"Lilium bulbiferum ssp. bulbiferum"
"lili mart";"Lilium martagon"
"limo abor";"Limodorum abortivum"
"limo aqua";"Limosella aquatica"
"lina alpi";"Linaria alpina"
"lina geni";"Linaria genistifolia"
"lina repe";"Linaria repens"
"lina vulg";"Linaria vulgaris"
"linn bore";"Linnaea borealis"
"linu cath";"Linum catharticum"
"linu pere";"Linum alpinum"
"linu usit";"Linum usitatissimum"
"linu visc";"Linum viscosum"
"lipa loes";"Liparis loeselii"
"list cord";"Listera cordata"
"list ovat";"Listera ovata"
"lith offi";"Lithospermum officinale"
"lloy sero";"Lloydia serotina"
"lobu mari";"Lobularia maritima"
"lois proc";"Loiseleuria procumbens"
"loli mult";"Lolium multiflorum"
"loli pere";"Lolium perenne"
"loli remo";"Lolium remotum"
"loli temu";"Lolium temulentum"
"loma cari";"Lomatogonium carinthiacum"
"loni alpi";"Lonicera alpigena"
"loni caer";"Lonicera caerulea"
"loni nigr";"Lonicera nigra"
"loni xylo";"Lonicera xylosteum"
"lotu alpi";"Lotus alpinus"
"lotu corn";"Lotus corniculatus"
"lotu ulig";"Lotus pedunculatus"
"luna annu";"Lunaria annua"
"luna redi";"Lunaria rediviva"
"lupi poly";"Lupinus polyphyllus"
"luzu alpia";"Luzula alpina"
"luzu alpio";"Luzula alpino-pilosa"
"luzu camp";"Luzula campestris"
"luzu glab";"Luzula glabrata"
"luzu luzui";"Luzula luzulina"
"luzu luzuo";"Luzula luzuloides"
"luzu mult";"Luzula multiflora"
"luzu pilo";"Luzula pilosa"
"luzu spic";"Luzula spicata"
"luzu sude";"Luzula sudetica"
"luzu sylv";"Luzula sylvatica"
"luzu sylv si";"Luzula sylvatica ssp. sieberi"
"luzu sylv sy";"Luzula sylvatica ssp. sylvatica"
"lych flos";"Lychnis flos-cuculi"
"lych visc";"Lychnis viscaria"
"lyco inun";"Lycopodiella inundata"
"lyco anno";"Lycopodium annotinum"
"lyco clav";"Lycopodium clavatum"
"lyco lago";"Lycopodium lagopus"
"lyco euro";"Lycopus europaeus"
"lyco euro e";"Lycopus europaeus ssp. europaeus"
"lyco euro m";"Lycopus europaeus ssp. mollis"
"lysi nemo";"Lysimachia nemorum"
"lysi numm";"Lysimachia nummularia"
"lysi punc";"Lysimachia punctata"
"lysi thyr";"Lysimachia thyrsiflora"
"lysi vulg";"Lysimachia vulgaris"
"lyth hyss";"Lythrum hyssopifolia"
"lyth sali";"Lythrum salicaria"
"maho aqui";"Mahonia aquifolium"
"maia bifo";"Maianthemum bifolium"
"mala mono";"Malaxis monophyllos"
"malu sylv";"Malus sylvestris"
"malv alce";"Malva alcea"
"malv mosc";"Malva moschata"
"malv negl";"Malva neglecta"
"malv pusi";"Malva pusilla"
"malv sylv";"Malva sylvestris"
"matr cham";"Matricaria chamomilla"
"matr disc";"Matricaria matricarioides"
"matt stru";"Matteuccia struthiopteris"
"medi falc";"Medicago falcata"
"medi lupu";"Medicago lupulina"
"medi mini";"Medicago minima"
"medi x va";"Medicago x varia"
"mela arve";"Melampyrum arvense"
"mela barb";"Melampyrum barbatum"
"mela cris";"Melampyrum cristatum"
"mela nemo";"Melampyrum nemorosum"
"mela prat";"Melampyrum pratense"
"mela sylv";"Melampyrum sylvaticum"
"meli cili";"Melica ciliata"
"meli nuta";"Melica nutans"
"meli alba";"Melilotus albus"
"meli alti";"Melilotus altissimus"
"meli offi";"Melilotus officinalis"
"meli meli";"Melittis melissophyllum"
"ment aqua";"Mentha aquatica"
"ment arve";"Mentha arvensis"
"ment long";"Mentha longifolia"
"ment x ve";"Mentha x verticillata"
"meny trif";"Menyanthes trifoliata"
"merc annu";"Mercurialis annua"
"merc pere";"Mercurialis perennis"
"meum atha";"Meum athamanticum"
"mili effu";"Milium effusum"
"mimu gutt";"Mimulus guttatus"
"minu aust";"Minuartia austriaca"
"minu bifl";"Minuartia biflora"
"minu cher";"Minuartia cherlerioides"
"minu gera";"Minuartia gerardii"
"minu hybr";"Minuartia hybrida"
"minu rupe";"Minuartia rupestris"
"minu sedo";"Minuartia sedoides"
"moeh cili";"Moehringia ciliata"
"moeh musc";"Moehringia muscosa"
"moeh trin";"Moehringia trinervia"
"moli arun";"Molinia arundinacea"
"moli caer";"Molinia caerulea"
"mone unif";"Moneses uniflora"
"mono hypo";"Monotropa hypopitys"
"mont font";"Montia fontana"
"musc botr";"Muscari botryoides"
"myce mura";"Mycelis muralis"
"myos alpe";"Myosotis alpestris"
"myos arve";"Myosotis arvensis"
"myos decu";"Myosotis decumbens"
"myos decu d";"Myosotis decumbens ssp. decumbens"
"myos decu v";"Myosotis decumbens ssp. variabilis"
"myos palu";"Myosotis palustris agg."
"myos ramo";"Myosotis ramosissima"
"myos spar";"Myosotis sparsiflora"
"myos stri";"Myosotis stricta"
"myos sylv";"Myosotis sylvatica"
"myos aqua";"Myosoton aquaticum"
"myri germ";"Myricaria germanica"
"myri spic";"Myriophyllum spicatum"
"myri vert";"Myriophyllum verticillatum"
"myrr odor";"Myrrhis odorata"
"naja mari";"Najas marina"
"nard stri";"Nardus stricta"
"nast offi";"Nasturtium officinale"
"neot nidu";"Neottia nidus-avis"
"nepe cata";"Nepeta cataria"
"nesl pani";"Neslia paniculata"
"nige dama";"Nigella damascena"
"nigr mini";"Nigritella miniata"
"nigr nigr";"Nigritella rhellicani"
"nigr stir";"Nigritella stiriaca"
"nuph lute";"Nuphar lutea"
"nuph pumi";"Nuphar pumila"
"nymp alba";"Nymphaea alba agg."
"odon vulg";"Odontites vulgaris"
"oena aqua";"Oenanthe aquatica"
"oeno bien";"Oenothera biennis agg."
"omph vern";"Omphalodes verna"
"onob vici";"Onobrychis viciifolia"
"onon arve";"Ononis arvensis"
"onon foet";"Ononis foetens"
"onon repe";"Ononis repens"
"onon spin";"Ononis spinosa"
"ophi vulg";"Ophioglossum vulgatum"
"ophr inse";"Ophrys insectifera"
"orch cori";"Orchis coriophora"
"orch masc";"Orchis mascula"
"orch mili";"Orchis militaris"
"orch mori";"Orchis morio"
"orch pall";"Orchis pallens"
"orch palu";"Orchis palustris"
"orch spit";"Orchis spitzelii"
"orch ustu";"Orchis ustulata"
"oreo dist";"Oreochloa disticha"
"orig vulg";"Origanum vulgare"
"orni umbe";"Ornithogalum umbellatum agg."
"orob alba";"Orobanche alba"
"orob aren";"Orobanche arenaria"
"orob cary";"Orobanche caryophyllacea"
"orob flav";"Orobanche flava"
"orob grac";"Orobanche gracilis"
"orob luco";"Orobanche lucorum"
"orob mino";"Orobanche minor"
"orob reti";"Orobanche reticulata ssp. reticulata"
"orob salv";"Orobanche salviae"
"orth secu";"Orthilia secunda"
"oxal acet";"Oxalis acetosella"
"oxal corn";"Oxalis corniculata"
"oxal font";"Oxalis fontana"
"oxyr digy";"Oxyria digyna"
"oxyt camp";"Oxytropis campestris"
"oxyt camp c";"Oxytropis campestris ssp. campestris"
"oxyt camp t";"Oxytropis campestris ssp. tirolensis"
"oxyt hall";"Oxytropis halleri"
"oxyt jacq";"Oxytropis montana"
"oxyt lapp";"Oxytropis lapponica"
"oxyt trif";"Oxytropis triflora"
"paed bona";"Paederota bonarota"
"paed lute";"Paederota lutea"
"pani capi";"Panicum capillare"
"pani mili";"Panicum miliaceum"
"papa dubi";"Papaver dubium"
"papa rhae";"Papaver rhaeticum"
"papa rhoe";"Papaver rhoeas"
"papa send";"Papaver sendtneri"
"papa somn";"Papaver somniferum"
"pari offi";"Parietaria officinalis"
"pari quad";"Paris quadrifolia"
"parn palu";"Parnassia palustris"
"part inse";"Parthenocissus inserta"
"part tric";"Parthenocissus tricuspidata"
"past sati";"Pastinaca sativa"
"pedi aspl";"Pedicularis aspleniifolia"
"pedi foli";"Pedicularis foliosa"
"pedi kern";"Pedicularis kerneri"
"pedi palu";"Pedicularis palustris"
"pedi port";"Pedicularis portenschlagii"
"pedi recu";"Pedicularis recutita"
"pedi rose";"Pedicularis rosea"
"pedi roca";"Pedicularis rostratocapitata"
"pedi rosp";"Pedicularis rostratospicata"
"pedi scep";"Pedicularis sceptrum-carolinum"
"pedi tube";"Pedicularis tuberosa"
"pedi vert";"Pedicularis verticillata"
"pepl port";"Peplis portula"
"peta albu";"Petasites albus"
"peta hybr";"Petasites hybridus"
"peta para";"Petasites paradoxus"
"petr pyre";"Petrocallis pyrenaica"
"petr saxi";"Petrorhagia saxifraga"
"peuc cerv";"Peucedanum cervaria"
"peuc oreo";"Peucedanum oreoselinum"
"peuc ostr";"Peucedanum ostruthium"
"peuc palu";"Peucedanum palustre"
"phal arun";"Phalaris arundinacea"
"phal cana";"Phalaris canariensis"
"phil coro";"Philadelphus coronarius"
"phle alpi";"Phleum rhaeticum"
"phle comm";"Phleum commutatum"
"phle hirs";"Phleum hirsutum"
"phle phle";"Phleum phleoides"
"phle prat";"Phleum pratense"
"phra aust";"Phragmites australis"
"phyl scol";"Asplenium scolopendrium"
"phys alke";"Physalis alkekengi"
"phys opul";"Physocarpus opulifolius"
"phyt beto";"Phyteuma betonicifolium"
"phyt glob";"Phyteuma globulariifolium"
"phyt hemi";"Phyteuma hemisphaericum"
"phyt conf";"Phyteuma confusum"
"phyt orbi";"Phyteuma orbiculare"
"phyt spic";"Phyteuma spicatum ssp. spicatum"
"phyt pers";"Phyteuma persicifolium"
"pice abie";"Picea abies"
"picr echi";"Picris echioides"
"picr hier";"Picris hieracioides"
"pimp majo";"Pimpinella major"
"pimp nigr";"Pimpinella nigra"
"pimp saxi";"Pimpinella saxifraga"
"ping alpi";"Pinguicula alpina"
"ping lept";"Pinguicula leptoceras"
"ping vulg";"Pinguicula vulgaris"
"pinu cemb";"Pinus cembra"
"pinu mugo";"Pinus mugo"
"pinu rotu";"Pinus rotundata"
"pinu sylv";"Pinus sylvestris"
"plan alpi";"Plantago alpina"
"plan atra";"Plantago atrata"
"plan indi";"Plantago indica"
"plan lanc";"Plantago lanceolata"
"plan majo i";"Plantago major ssp. intermedia"
"plan majo m";"Plantago major ssp. major"
"plan medi";"Plantago media"
"plat bifo";"Platanthera bifolia"
"plat chlo";"Platanthera chlorantha"
"pleu aust";"Pleurospermum austriacum"
"poa angu";"Poa angustifolia"
"poa annu";"Poa annua"
"poa ceni";"Poa cenisia"
"poa chai";"Poa chaixii"
"poa comp";"Poa compressa"
"poa glau";"Poa glauca"
"poa hybr";"Poa hybrida"
"poa laxa";"Poa laxa"
"poa mino";"Poa minor"
"poa moli";"Poa molineri"
"poa nemo";"Poa nemoralis"
"poa palu";"Poa palustris"
"poa prat";"Poa pratensis"
"poa remo";"Poa remota"
"poa stir";"Poa stiriaca"
"poa supi";"Poa supina"
"poa triv";"Poa trivialis"
"poa viol";"Bellardiochloa variegata"
"pole caer";"Polemonium caeruleum"
"poly alpe";"Polygala alpestris"
"poly amar b";"Polygala amara ssp. brachyptera"
"poly amae";"Polygala amarella"
"poly cham";"Polygala chamaebuxus"
"poly como";"Polygala comosa"
"poly vulg o";"Polygala vulgaris ssp. oxyptera"
"poly vull";"Polygala vulgaris ssp. vulgaris"
"poly mult";"Polygonatum multiflorum"
"poly odor";"Polygonatum odoratum"
"poly vert";"Polygonatum verticillatum"
"poly amph";"Persicaria amphibia"
"poly aren";"Polygonum arenastrum"
"poly avic";"Polygonum aviculare"
"poly bist";"Persicaria bistorta"
"poly hydr";"Persicaria hydropiper"
"poly lapa";"Persicaria lapathifolia ssp lapathifolia"
"poly minu";"Persicaria minor"
"poly mite";"Persicaria mitis"
"poly pers";"Persicaria persicaria"
"poly vivi";"Persicaria vivipara"
"poly vulg";"Polypodium vulgare"
"poly acul";"Polystichum aculeatum"
"poa alpi";"Poa alpina"
"poly brau";"Polystichum braunii"
"poly lonc";"Polystichum lonchitis"
"popu alba";"Populus alba"
"popu x ca";"Populus x canadensis"
"popu nigr";"Populus nigra"
"popu trem";"Populus tremula"
"port oler";"Portulaca oleracea"
"pota acut";"Potamogeton acutifolius"
"pota alpi";"Potamogeton alpinus"
"pota cris";"Potamogeton crispus"
"pota fili";"Potamogeton filiformis"
"pota gram";"Potamogeton gramineus"
"pota luce";"Potamogeton lucens"
"pota nata";"Potamogeton natans"
"pota nodo";"Potamogeton nodosus"
"pota pect";"Potamogeton pectinatus"
"pota perf";"Potamogeton perfoliatus"
"pota prae";"Potamogeton praelongus"
"pota pusi";"Potamogeton berchtholdii"
"pota tric";"Potamogeton trichoides"
"pote anse";"Potentilla anserina"
"pote arge";"Potentilla argentea"
"pote aure";"Potentilla aurea"
"pote brau";"Potentilla brauneana"
"pote caul";"Potentilla caulescens"
"pote clus";"Potentilla clusiana"
"pote cran";"Potentilla crantzii"
"pote erec";"Potentilla erecta"
"pote frig";"Potentilla frigida"
"pote gran";"Potentilla grandiflora"
"pote micr";"Potentilla micrantha"
"pote nive";"Potentilla substrata ssp. floccosa"
"pote norv";"Potentilla norvegica"
"pote palu";"Potentilla palustris"
"pote pusi";"Potentilla pusilla"
"pote rect";"Potentilla recta"
"pote rept";"Potentilla reptans"
"pote rupe";"Potentilla rupestris"
"pote ster";"Potentilla sterilis"
"pote supi";"Potentilla supina"
"pren purp";"Prenanthes purpurea"
"prim auri";"Primula auricula ssp. auricula"
"prim clus";"Primula clusiana"
"prim elat";"Primula elatior"
"prim fari";"Primula farinosa"
"prim glut";"Primula glutinosa"
"prim hall";"Primula halleri"
"prim mini";"Primula minima"
"prim veri";"Primula veris"
"prim vill";"Primula villosa"
"prun gran";"Prunella grandiflora"
"prun vulg";"Prunella vulgaris"
"prun aviu";"Prunus avium"
"prun padu";"Prunus padus ssp. padus"
"prun spin";"Prunus spinosa"
"pseu albi";"Pseudorchis albida"
"pter aqui";"Pteridium aquilinum"
"pucc dist";"Puccinellia distans s.str."
"puli dyse";"Pulicaria dysenterica"
"pulm moll";"Pulmonaria mollis ssp. montana"
"pulm offi";"Pulmonaria officinalis"
"puls alba";"Pulsatilla alba"
"puls alpi";"Pulsatilla alpina"
"puls vern";"Pulsatilla vernalis"
"puls vulg";"Pulsatilla vulgaris"
"pyro chlo";"Pyrola chlorantha"
"pyro medi";"Pyrola media"
"pyro mino";"Pyrola minor"
"pyro rotu";"Pyrola rotundifolia"
"pyru pyra";"Pyrus pyraster"
"quer petr";"Quercus petraea"
"quer robu";"Quercus robur"
"ranu acon";"Ranunculus aconitifolius"
"ranu acri";"Ranunculus acris ssp. acris"
"ranu alpe";"Ranunculus alpestris"
"ranu aqua";"Ranunculus aquatilis"
"ranu arve";"Ranunculus arvensis"
"ranu auri";"Ranunculus auricomus agg."
"ranu bulb";"Ranunculus bulbosus"
"ranu circ";"Ranunculus circinatus"
"ranu fica";"Ranunculus ficaria ssp. bulbilifer"
"ranu flam";"Ranunculus flammula"
"ranu flui";"Ranunculus fluitans"
"ranu glac";"Ranunculus glacialis"
"ranu hybr";"Ranunculus hybridus"
"ranu lanu";"Ranunculus lanuginosus"
"ranu ling";"Ranunculus lingua"
"ranu mont";"Ranunculus montanus"
"ranu nemo";"Ranunculus nemorosus"
"ranu oreo";"Ranunculus breyninus"
"ranu plat";"Ranunculus platanifolius"
"ranu poly";"Ranunculus polyanthemos"
"ranu pygm";"Ranunculus pygmaeus"
"ranu repe";"Ranunculus repens"
"ranu rept";"Ranunculus reptans"
"ranu sard";"Ranunculus sardous"
"ranu scel";"Ranunculus sceleratus"
"ranu serp";"Ranunculus serpens"
"ranu tric";"Ranunculus trichophyllus"
"ranu tric l";"Ranunculus trichophyllus ssp. lutulentus"
"ranu tric t";"Ranunculus trichophyllus  trichophyllus"
"raph raph";"Raphanus raphanistrum"
"rapi pere";"Rapistrum perenne"
"rapi rugo";"Rapistrum rugosum"
"rese alba";"Reseda alba"
"rese lutea";"Reseda lutea"
"rese luteo";"Reseda luteola"
"rese phyt";"Reseda phyteuma"
"reyn japo";"Fallopia japonica"
"reyn sach";"Fallopia sachalinensis"
"rham cath";"Rhamnus catharticus"
"rham pumi";"Rhamnus pumila"
"rham saxa";"Rhamnus saxatilis"
"sile vulg";"Silene vulgaris"
"rhin alec";"Rhinanthus alectorolophus ssp. alectorolophus"
"rhin glac";"Rhinanthus glacialis"
"rhin frey";"Rhinanthus alectorolophus ssp. freynii"
"rhin mino";"Rhinanthus minor"
"rhin sero";"Rhinanthus serotinus"
"rhod rose";"Rhodiola rosea"
"rhod ferr";"Rhododendron ferrugineum"
"rhod hirs";"Rhododendron hirsutum"
"rhod cham";"Rhodothamnus chamaecistus"
"rhyn alba";"Rhynchospora alba"
"rhyn fusc";"Rhynchospora fusca"
"ribe alpi";"Ribes alpinum"
"ribe petr";"Ribes petraeum"
"ribe uva-";"Ribes uva-crispa"
"robi pseu";"Robinia pseudacacia"
"rori aust";"Rorippa austriaca"
"rori palu";"Rorippa palustris"
"rori sylv";"Rorippa sylvestris"
"rosa agre";"Rosa agrestis"
"rosa arve";"Rosa arvensis"
"rosa cani";"Rosa canina"
"rosa cori";"Rosa coriifolia"
"rosa cory";"Rosa corymbifera"
"rosa elli";"Rosa elliptica"
"rosa glau";"Rosa glauca"
"rosa maja";"Rosa majalis"
"rosa micr";"Rosa micrantha"
"rosa mont";"Rosa montana"
"rosa pend";"Rosa pendulina"
"rosa rubi";"Rosa rubiginosa"
"rosa subca";"Rosa subcanina"
"rosa subco";"Rosa subcollina"
"rosa tome";"Rosa tomentosa"
"rosa vill";"Rosa villosa"
"rosa vosa";"Rosa vosagiaca"
"rubu caes";"Rubus caesius"
"rubu frut";"Rubus fruticosus agg."
"rubu idae";"Rubus idaeus"
"rubu saxa";"Rubus saxatilis"
"rudb hirt";"Rudbeckia hirta"
"rudb laci";"Rudbeckia laciniata"
"rume acet";"Rumex acetosa"
"rume aceta";"Rumex acetosella"
"rume alpe";"Rumex alpestris"
"rume alpi";"Rumex alpinus"
"rume aqua";"Rumex aquaticus"
"rume cong";"Rumex conglomeratus"
"rume cris";"Rumex crispus"
"rume hydr";"Rumex hydrolapathum"
"rume niva";"Rumex nivalis"
"rume obtu";"Rumex obtusifolius"
"rume pati";"Rumex patientia"
"rume sang";"Rumex sanguineus"
"rume scut";"Rumex scutatus"
"sagi nodo";"Sagina nodosa"
"sagi proc";"Sagina procumbens"
"sagi sagi a";"Sagina saginoides"
"sali alba";"Salix alba"
"sali alpi";"Salix alpina"
"sali appe";"Salix appendiculata"
"sali auri";"Salix aurita"
"sali bico";"Salix bicolor"
"sali brev";"Salix breviserrata"
"sali capr";"Salix caprea"
"sali cine";"Salix cinerea"
"sali daph";"Salix daphnoides"
"sali elea";"Salix eleagnos"
"sali frag";"Salix fragilis"
"sali glab";"Salix glabra"
"sali hast";"Salix hastata"
"sali helv";"Salix helvetica"
"sali herb";"Salix herbacea"
"sali miel";"Salix mielichhoferi"
"sali myrs";"Salix myrsinifolia"
"sali myrt";"Salix myrtilloides"
"sali pent";"Salix pentandra"
"sali purp";"Salix purpurea"
"sali repe";"Salix repens"
"sali reti";"Salix reticulata"
"sali retu";"Salix retusa"
"sali serp";"Salix serpyllifolia"
"sali tria";"Salix triandra"
"sali vimi";"Salix viminalis"
"sali wald";"Salix waldsteiniana"
"salv glut";"Salvia glutinosa"
"salv prat";"Salvia pratensis"
"salv vert";"Salvia verticillata"
"samb ebul";"Sambucus ebulus"
"samb nigr";"Sambucus nigra"
"samb race";"Sambucus racemosa"
"sang mino";"Sanguisorba minor"
"sang mino mi";"Sanguisorba minor ssp. minor"
"sang mino mu";"Sanguisorba minor ssp. polygama"
"sang offi";"Sanguisorba officinalis"
"sani euro";"Sanicula europaea"
"sapo offi";"Saponaria officinalis"
"sapo pumi";"Saponaria pumila"
"saus alpi";"Saussurea alpina"
"saus pygm";"Saussurea pygmaea"
"saxi adsc";"Saxifraga adscendens"
"saxi aizo";"Saxifraga aizoides"
"saxi andr";"Saxifraga androsacea"
"saxi aphy";"Saxifraga aphylla"
"saxi aspe";"Saxifraga aspera"
"saxi bifl";"Saxifraga biflora"
"saxi bifl b";"Saxifraga biflora ssp. biflora"
"saxi bifl m";"Saxifraga x kochii"
"saxi blep";"Saxifraga blepharophylla"
"saxi bryo";"Saxifraga bryoides"
"saxi burs";"Saxifraga burserana"
"saxi caes";"Saxifraga caesia"
"saxi cune";"Saxifraga cuneifolia"
"saxi gran";"Saxifraga granulata"
"saxi hier";"Saxifraga hieraciifolia"
"saxi hirc";"Saxifraga hirculus"
"saxi mosc";"Saxifraga moschata"
"saxi musc";"Saxifraga muscoides"
"saxi muta";"Saxifraga mutata"
"saxi oppo";"Saxifraga oppositifolia"
"saxi pani";"Saxifraga paniculata"
"saxi retu";"Saxifraga retusa"
"saxi rotu";"Saxifraga rotundifolia"
"saxi rudo";"Saxifraga rudolphiana"
"saxi stel";"Saxifraga stellaris"
"saxi trid";"Saxifraga tridactylites"
"scab colu";"Scabiosa columbaria"
"scab gram";"Scabiosa triandra"
"scab luci";"Scabiosa lucida"
"scab ochr";"Scabiosa ochroleuca"
"sche palu";"Scheuchzeria palustris"
"scho lacu";"Schoenoplectus lacustris"
"scho tabe";"Schoenoplectus tabernaemontani"
"scho triq";"Schoenoplectus triqueter"
"scho ferr";"Schoenus ferrugineus"
"scho nigr";"Schoenus nigricans"
"scil bifo";"Scilla bifolia"
"scir radi";"Scirpus radicans"
"scir sylv";"Scirpus sylvaticus"
"scle annu";"Scleranthus annuus"
"scle poly";"Scleranthus polycarpos"
"scor aris";"Scorzonera aristata"
"scor humi";"Scorzonera humilis"
"scro nodo";"Scrophularia nodosa ssp. nodosa"
"scro umbr";"Scrophularia umbrosa"
"scut gale";"Scutellaria galericulata"
"sedu acre";"Sedum acre"
"sedu albu";"Sedum album"
"sedu alpe";"Sedum alpestre"
"sedu annu";"Sedum annuum"
"sedu atra";"Sedum atratum"
"sedu dasy";"Sedum dasyphyllum"
"sedu hisp";"Sedum hispanicum"
"sedu maxi";"Sedum maximum"
"sedu rupe";"Sedum rupestre"
"sedu sexa";"Sedum sexangulare"
"sedu spur";"Sedum spurium"
"sedu tele";"Sedum telephium"
"sedu vill";"Sedum villosum"
"sela helv";"Selaginella helvetica"
"sela sela";"Selaginella selaginoides"
"seli carv";"Selinum carvifolia"
"semp arac";"Sempervivum arachnoideum"
"semp mont";"Sempervivum montanum"
"semp mont m";"Sempervivum montanum ssp. montanum"
"semp mont s";"Sempervivum montanum ssp. stiriacum"
"semp tect";"Sempervivum tectorum"
"semp wulf";"Sempervivum wulfenii"
"sene abro";"Senecio abrotanifolius"
"sene alpi";"Senecio cordatus"
"sene aqua";"Senecio aquaticus"
"sene caca";"Senecio cacaliaster"
"sene doro";"Senecio doronicum"
"sene erra";"Senecio erraticus"
"sene fuch";"Senecio ovatus"
"sene gaud";"Tephroseris tenuifolia"
"sene hele";"Tephroseris helenitis"
"sene inca";"Senecio incanus ssp. carniolicus"
"sene ineq";"Senecio inaequidens"
"sene jaco";"Senecio jacobaea"
"sene nemo";"Senecio hercynicus"
"sene ovir";"Tephroseris longifolia s.str."
"sene palu";"Senecio paludosus"
"sene rivu";"Tephroseris crispa"
"sene rupe";"Senecio rupestris"
"sene suba";"Senecio subalpinus"
"sene sylv";"Senecio sylvaticus"
"sene vern";"Senecio vernalis"
"sene visc";"Senecio viscosus"
"sene vulg";"Senecio vulgaris"
"serr tinc";"Serratula tinctoria"
"sese annu";"Seseli annuum"
"sese liba";"Seseli libanotis ssp. Libanotis"
"sesl ovat";"Sesleria ovata"
"sesl vari";"Sesleria albicans"
"seta glau";"Setaria pumila"
"seta ital";"Setaria italica"
"seta vert";"Setaria verticillata"
"seta viri";"Setaria pumila"
"sher arve";"Sherardia arvensis"
"sibb proc";"Sibbaldia procumbens"
"sila sila";"Silaum silaus"
"sile acau";"Silene acaulis"
"sile alba";"Silene alba"
"sile alpe";"Silene alpestris"
"sile arme";"Silene armeria"
"sile coni";"Silene conica"
"sile dich";"Silene dichotoma"
"sile dioi";"Silene dioica"
"sile exsc";"Silene exscapa"
"sile noct";"Silene noctiflora"
"sile nuta";"Silene nutans"
"sile pusi";"Silene pusilla"
"sile rupe";"Silene rupestris"
"sile vulg g";"Silene vulgaris ssp. glareosa"
"sile vulg v";"Silene vulgaris ssp. vulgaris"
"sina alba";"Sinapis alba"
"sina arve";"Sinapis arvensis"
"sisy alti";"Sisymbrium altissimum"
"sisy irio";"Sisymbrium irio"
"sisy loes";"Sisymbrium loeselii"
"sisy offi";"Sisymbrium officinale"
"sisy orie";"Sisymbrium orientale"
"sisy stri";"Sisymbrium strictissimum"
"sisy berm";"Sisyrinchium bermudiana agg."
"sola dulc";"Solanum dulcamara"
"sola nigr";"Solanum nigrum"
"sold alpi";"Soldanella alpina"
"sold hung";"Soldanella hungarica"
"sold mini";"Soldanella minima"
"sold mont";"Soldanella montana"
"sold pusi";"Soldanella pusilla"
"soli cana";"Solidago canadensis"
"soli giga";"Solidago gigantea"
"soli virg";"Solidago virgaurea ssp. virgaurea"
"soli virg m";"Solidago virgaurea ssp. minuta"
"sonc arve a";"Sonchus arvensis ssp. arvensis"
"sonc aspe";"Sonchus asper"
"sonc oler";"Sonchus oleraceus"
"sorb aria";"Sorbus aria"
"sorb aucu";"Sorbus aucuparia ssp.aucuparia"
"sorb cham";"Sorbus chamaemespilus"
"spar angu";"Sparganium angustifolium"
"spar emer";"Sparganium emersum"
"spar erec";"Sparganium erectum"
"spar erec m";"Sparganium erectum ssp. microcarpum"
"spar erec n";"Sparganium erectum ssp. neglectum"
"spar mini";"Sparganium natans"
"sper arve";"Spergula arvensis"
"sper mari";"Spergularia marina"
"sper rubr";"Spergularia rubra"
"spir aest";"Spiranthes aestivalis"
"spir spir";"Spiranthes spiralis"
"spir poly";"Spirodela polyrhiza"
"stac alpi";"Stachys alpina"
"stac annu";"Stachys annua"
"stac palu";"Stachys palustris"
"stac rect";"Stachys recta"
"stac sylv";"Stachys sylvatica"
"stap pinn";"Staphylea pinnata"
"stel alsi";"Stellaria alsine"
"stel gram";"Stellaria graminea"
"stel holo";"Stellaria holostea"
"stel long";"Stellaria longifolia"
"stel medi";"Stellaria media"
"stel nemo";"Stellaria nemorum ssp. nemorum"
"stel pall";"Stellaria pallida"
"stip erio";"Stipa eriocaulis"
"stre ampl";"Streptopus amplexifolius"
"succ prat";"Succisa pratensis"
"swer pere";"Swertia perennis"
"symp rivu";"Symphoricarpos rivularis"
"symp offi";"Symphytum officinale"
"symp tube";"Symphytum tuberosum"
"tana alpi";"Leucanthemopsis alpina ssp. minima"
"tana cory";"Tanacetum corymbosum ssp. subcorymbosum"
"tana part";"Tanacetum parthenium"
"tana vulg";"Tanacetum vulgare"
"tara alpi";"Taraxacum alpinum agg."
"tara cucu";"Taraxacum cucullatum agg."
"tara font";"Taraxacum fontanum agg."
"tara laev";"Taraxacum laevigatum agg."
"tara offi";"Taraxacum officinale agg."
"tara palu";"Taraxacum palustre agg."
"taxu bacc";"Taxus baccata"
"tele spec";"Telekia speciosa"
"tetr mari";"Tetragonolobus maritimus"
"teuc botr";"Teucrium botrys"
"teuc cham";"Teucrium chamaedrys"
"teuc mont";"Teucrium montanum"
"teuc scor";"Teucrium scorodonia"
"thal alpi";"Thalictrum alpinum"
"thal aqui";"Thalictrum aquilegifolium"
"thal luci";"Thalictrum lucidum"
"thal minu";"Thalictrum minus ssp. minus"
"thal simp";"Thalictrum simplex"
"thel limb";"Thelypteris limbosperma"
"thel palu";"Thelypteris palustris"
"pheg conn";"Phegopteris connectilis"
"thes alpi";"Thesium alpinum"
"thes lino";"Thesium linophyllon"
"thes pyre";"Thesium pyrenaicum"
"thes rost";"Thesium rostratum"
"thla alli";"Thlaspi alliaceum"
"thla arve";"Thlaspi arvense"
"thla caer";"Thlaspi caerulescens"
"thla perf";"Thlaspi perfoliatum"
"thla rotu";"Thlaspi rotundifolium ssp. rotundifolium"
"thuj orie";"Thuja orientalis"
"thym pule";"Thymus pulegioides"
"tili cord";"Tilia cordata"
"tili plat";"Tilia platyphyllos"
"tofi caly";"Tofieldia calyculata"
"tofi pusi";"Tofieldia pusilla"
"tori japo";"Torilis japonica"
"tozz alpi";"Tozzia alpina"
"trad virg";"Tradescantia virginiana"
"trag orie";"Tragopogon orientalis"
"trag prat";"Tragopogon pratensis"
"trau glob";"Traunsteinera globosa"
"tric alpi";"Trichophorum alpinum"
"tric cesp";"Trichophorum cespitosum"
"trie euro";"Trientalis europaea"
"trif arve";"Trifolium arvense"
"trif aure";"Trifolium aureum"
"trif badi";"Trifolium badium"
"trif camp";"Trifolium campestre"
"trif dubi";"Trifolium dubium"
"trif frag";"Trifolium fragiferum"
"trif hybr";"Trifolium hybridum"
"trif hybr h";"Trifolium hybridum ssp. hybridum"
"trif hybr e";"Trifolium hybridum ssp. elegans"
"trif inca";"Trifolium incarnatum"
"trif medi";"Trifolium medium ssp. medium"
"trif mont";"Trifolium montanum"
"trif pall";"Trifolium pallescens"
"trif pate";"Trifolium patens"
"trif prat";"Trifolium pratense"
"trif prat n";"Trifolium pratense ssp. nivale"
"trif prat p";"Trifolium pratense ssp. pratense"
"trif repe";"Trifolium repens"
"trif spad";"Trifolium spadiceum"
"trif suav";"Trifolium suaveolens"
"trig palu";"Triglochin palustre"
"trip inod";"Tripleurospermum inodorum"
"tris alpe";"Trisetum alpestre"
"tris dist";"Trisetum distichophyllum"
"tris flav";"Trisetum flavescens"
"tris spic";"Trisetum spicatum"
"trol euro";"Trollius europaeus"
"tuss farf";"Tussilago farfara"
"typh angu";"Typha angustifolia"
"typh lati";"Typha latifolia"
"typh mini";"Typha minima"
"typh shut";"Typha shuttleworthii"
"ulmu glab";"Ulmus glabra"
"ulmu mino";"Ulmus minor"
"urti dioi";"Urtica dioica"
"urti uren";"Urtica urens"
"utri inte";"Utricularia intermedia"
"utri mino";"Utricularia minor"
"utri vulg";"Utricularia vulgaris agg."
"vacc hisp";"Vaccaria hispanica"
"vacc gaul";"Vaccinium gaultherioides"
"vacc micr";"Vaccinium microcarpum"
"vacc myrt";"Vaccinium myrtillus"
"vacc oxyc";"Vaccinium oxycoccos"
"vacc ulig";"Vaccinium uliginosum"
"vacc viti";"Vaccinium vitis-idaea"
"vale celt";"Valeriana celtica ssp. norica"
"vale dioi";"Valeriana dioica"
"vale mont";"Valeriana montana"
"vale offi";"Valeriana officinalis"
"vale proc";"Valeriana procurrens"
"vale samb";"Valeriana sambucifolia"
"vale saxa";"Valeriana saxatilis"
"vale supi";"Valeriana supina"
"vale trip";"Valeriana tripteris"
"vale wall";"Valeriana wallrothii"
"vale dent";"Valerianella dentata"
"vale locu";"Valerianella locusta"
"vale rimo";"Valerianella rimosa"
"vera albu";"Veratrum album"
"vera albu a";"Veratrum album ssp. album"
"vera albu l";"Veratrum album ssp. lobelianum"
"verb alpi";"Verbascum alpinum"
"verb aust";"Verbascum austriacum"
"verb blat";"Verbascum blattaria"
"verb dens";"Verbascum densiflorum"
"verb lych";"Verbascum lychnitis"
"verb nigr";"Verbascum nigrum"
"verb phlo";"Verbascum phlomoides"
"verb thap";"Verbascum thapsus"
"verb offi";"Verbena officinalis"
"vero agre";"Veronica agrestis"
"vero alpi";"Veronica alpina"
"vero anag";"Veronica anagallis-aquatica"
"vero aphy";"Veronica aphylla"
"vero arve";"Veronica arvensis"
"vero becc";"Veronica beccabunga"
"vero bell";"Veronica bellidioides"
"vero cham c";"Veronica chamaedrys ssp. chamaedrys"
"vero cham m";"Veronica chamaedrys ssp. micans"
"vero fili";"Veronica filiformis"
"vero frut";"Veronica fruticans"
"vero hede";"Veronica hederifolia"
"vero long";"Veronica longifolia"
"vero mont";"Veronica montana"
"vero offi";"Veronica officinalis"
"vero opac";"Veronica opaca"
"vero pere";"Veronica peregrina"
"vero pers";"Veronica persica"
"vero poli";"Veronica polita"
"vero scut";"Veronica scutellata"
"vero serp";"Veronica serpyllifolia"
"vero subl";"Veronica sublobata"
"vero teuc";"Veronica teucrium"
"vero trip";"Veronica triphyllos"
"vero urti";"Veronica urticifolia"
"vero vern";"Veronica verna"
"vibu lant";"Viburnum lantana"
"vibu opul";"Viburnum opulus"
"vici angu";"Vicia angustifolia"
"vici arti";"Vicia articulata"
"vici crac";"Vicia cracca"
"vici dume";"Vicia dumetorum"
"vici gran";"Vicia grandiflora"
"vici hirs";"Vicia hirsuta"
"vici lute";"Vicia lutea"
"vici orob";"Vicia oroboides"
"vici pann";"Vicia pannonica"
"vici sati";"Vicia sativa"
"vici sepi";"Vicia sepium"
"vici sylv";"Vicia sylvatica"
"vici tetr";"Vicia tetrasperma"
"vici vill";"Vicia villosa"
"vici vill va";"Vicia villosa ssp. varia"
"vici vill vi";"Vicia villosa ssp. villosa"
"vinc mino";"Vinca minor"
"vinc hiru";"Vincetoxicum hirundinaria"
"viol alba";"Viola alba"
"viol arve";"Viola arvensis"
"viol bifl";"Viola biflora"
"viol cani";"Viola canina"
"viol cani c";"Viola canina ssp. canina"
"viol cani m";"Viola canina ssp. montana"
"viol coll";"Viola collina"
"viol hirt";"Viola hirta"
"viol mira";"Viola mirabilis"
"viol odor";"Viola odorata"
"viol palu";"Viola palustris"
"viol reic";"Viola reichenbachiana"
"viol rivi";"Viola riviniana"
"viol rupe";"Viola rupestris"
"viol tric";"Viola tricolor"
"viol tric s";"Viola tricolor ssp. subalpina"
"viol tric t";"Viola tricolor ssp. tricolor"
"viol witt";"Viola wittrockiana"
"visc abie";"Viscum abietis"
"visc albu";"Viscum album"
"vulp myur";"Vulpia myuros"
"wood alpi";"Woodsia alpina"
"wood ilve";"Woodsia ilvensis"
"xant sacc";"Xanthium saccharatum"
"xant sibi";"Xanthium sibiricum"
"zann palu";"Zannichellia palustris"
"card prat";"Cardamine pratensis agg."
"fors susp";"Forsythia suspensa"
"sorb inte";"Sorbus intermedia"
"orob teuc";"Orobanche teucrii"
"pote frut";"Potentilla fruticosa"
"spir vanh";"Spiraea vanhouttei"
"rosa rugo";"Rosa rugosa"
"weig flor";"Weigela florida"
"syri vulg";"Syringa vulgaris"
"malu dome";"Malus domestica"
"prun serr k";"Prunus serrulata ""Kanzan"""
"coto diel";"Cotoneaster dielsianus"
"acer negu";"Acer negundo"
"pyru comm";"Pyrus communis"
"prun dome";"Prunus domestica"
"lath vern";"Lathyrus vernus"
"care divu";"Carex divulsa"
"arab sagi";"Arabis sagittata"
"prun cera";"Prunus cerasus"
"prun pers";"Prunus persica"
"prun insi";"Prunus insititia"
"prun insi i";"Prunus insititia var. italica"
"prun insi s";"Prunus insititia var. syriaca"
"cydo oblo";"Cydonia oblonga"
"sagi sagi";"Sagittaria sagittifolia"
"prun arme";"Prunus armeniaca"
"sali alba t";"Salix alba ""Tristis"""
"plat x ac";"Platanus x hispanica"
"liri tuli";"Liriodendron tulipifera"
"quer palu";"Quercus palustris"
"quer rubr";"Quercus rubra"
"ribe nigr";"Ribes nigrum"
"ribe rubr";"Ribes cf. rubrum"
"viti vini";"Vitis vinifera"
"meta glyp";"Metasequoia glyptostroboides"
"popu delt";"Populus deltoides"
"rhus typh";"Rhus typhina"
"corn alba";"Cornus alba"
"calli palu a";"Callitriche palustris agg."
"care muri";"Carex muricata str."
"chon chon";"Chondrilla chondrilloides"
"euph rost a";"Euphrasia officinalis agg."
"fest ovin a";"Festuca ovina agg."
"gali palu a";"Galium palustre agg."
"heli numm a";"Helianthemum nummularium agg."
"leuc vulg a";"Leucanthemum vulgare agg."
"luzu camp a";"Luzula campestris agg."
"plan majo";"Plantago major"
"poly amar";"Polygala amara agg."
"sali x ru";"Salix x rubens"
"sonc arve";"Sonchus arvensis ssp. uliginosus"
"gale lute";"Galeobdolon luteum agg."
"rosa cani a";"Rosa canina agg."
"acon vari a";"Aconitum variegatum agg."
"agro alpi a";"Agrostis alpina agg."
"agro stol a";"Agrostis stolonifera agg."
"anth odor a";"Anthoxanthum odoratum agg."
"anth sylv a";"Anthriscus sylvestris agg."
"aqui vulg a";"Aquilegia vulgaris agg."
"arab hirs a";"Arabis hirsuta agg."
"arct minu a";"Arctium minus agg."
"aren serp1";"Arenaria serpyllifolia agg."
"arte vulg a";"Artemisia vulgaris agg."
"aven prat";"Avenula pratensis agg."
"brac pinn a";"Brachypodium pinnatum agg."
"brom race a";"Bromus racemosus agg."
"brom ramo a";"Bromus ramosus agg."
"cala nepe";"Calamintha nepeta agg."
"camp rotu a";"Campanula rotundifolia agg."
"card defl a";"Carduus defloratus agg."
"care atra a";"Carex atrata agg."
"care buxb a";"Carex buxbaumii agg."
"care cane a";"Carex canescens agg."
"care flav a";"Carex flava agg."
"care vulp a";"Carex vulpina agg."
"carl vulg a";"Carlina vulgaris agg."
"cera font a";"Cerastium fontanum agg."
"cera pumi a";"Cerastium pumilum agg."
"chae hrsu";"Chaerophyllum hrsutum agg."
"chen albu a";"Chenopodium album agg."
"crep jacq a";"Crepis jacquinii agg."
"cyst frag a";"Cystopteris fragilis agg."
"dact inca a";"Dactylorhiza incarnata agg."
"diph comp a";"Lycopodium complanatum agg."
"doro clus a";"Doronicum clusii agg."
"dryo cart a";"Dryopteris carthusiana agg."
"dryo fili a";"Dryopteris filix-mas agg."
"eleo palu a";"Eleocharis palustris agg."
"erig alpi a";"Erigeron alpinus agg."
"euph esul a";"Euphorbia esula agg."
"fest hall";"Festuca halleri agg."
"fest rubr a";"Festuca rubra agg."
"fest viol";"Festuca violacea agg."
"gale lada a";"Galeopsis ladanum agg."
"gale tetr a";"Galeopsis tetrahit agg."
"gali apar a";"Galium aparine agg."
"gali moll a";"Galium mollugo agg."
"gali pusi";"Galium pusillum agg."
"gali sylv a";"Galium sylvaticum agg."
"gent germ a";"Gentianella germanica agg."
"glyc flui a";"Glyceria fluitans agg."
"junc trif a";"Juncus trifidus agg."
"koel pyra a";"Koeleria pyramidata agg."
"loli temu a";"Lolium temulentum agg."
"lotu corn a";"Lotus corniculatus agg."
"medi sati";"Medicago x sativa"
"moli caer a";"Molinia caerulea agg."
"myos sylv a";"Myosotis sylvatica agg."
"nigr nigr a";"Nigritella rhellicani agg."
"odon rubr";"Odontites rubra agg."
"onon spin a";"Ononis spinosa agg."
"oxyt mont";"Oxytropis montana agg."
"papa alpi";"Papaver alpinum agg."
"phle alpi a";"Phleum rhaeticum agg."
"phyt mich";"Phyteuma michelii agg."
"phyt pauc";"Phyteuma pauciflorum agg."
"pimp saxi a";"Pimpinella saxifraga agg."
"poa annu a";"Poa annua agg."
"poa nemo a";"Poa nemoralis agg."
"poa prat a";"Poa pratensis agg."
"poly avic a";"Polygonum aviculare agg."
"puls alpi a";"Pulsatilla alpina agg."
"ranu aqua a";"Ranunculus aquatilis agg."
"ranu flam a";"Ranunculus flammula agg."
"ranu mont a";"Ranunculus montanus agg."
"ranu poly a";"Ranunculus polyanthemos agg."
"rosa cori a";"Rosa coriifolia agg."
"rosa vill a";"Rosa villosa agg."
"rosa vosa a";"Rosa vosagiaca agg."
"sali myrs a";"Salix myrsinites agg."
"sali nigr";"Salix nigricans agg."
"sali retu a";"Salix retusa agg."
"saxi oppo a";"Saxifraga oppositifolia agg."
"scab colu a";"Scabiosa columbaria agg."
"scho lacu a";"Schoenoplectus lacustris agg."
"scle annu a";"Scleranthus annuus agg."
"sedu tele a";"Sedum telephium agg."
"sene aqua a";"Senecio aquaticus agg."
"sene nemo a";"Senecio hercynicus agg."
"sene ovir a";"Tephroseris longifolia agg."
"sile acau a";"Silene acaulis agg."
"sold mont a";"Soldanella montana agg."
"tris flav a";"Trisetum flavescens agg."
"vacc oxyc a";"Vaccinium oxycoccos agg."
"vacc ulig a";"Vaccinium uliginosum agg."
"vale offi a";"Valeriana officinalis agg."
"vero cham";"Veronica chamaedrys"
"vero hede a";"Veronica hederifolia agg."
"vici sati a";"Vicia sativa agg."
"viol tric a";"Viola tricolor agg."
"visc albu a";"Viscum album agg."
"buxu semp";"Buxus sempervirens"
"care oene";"Carex oenensis"
"thuj occi";"Thuja occidentalis"
"meli unif";"Melica uniflora"
"rosa obtu";"Rosa obtusifolia"
"tili vulg x";"Tilia x vulgaris"
"nymp pelt";"Nymphoides peltata"
"alch cori";"Alchemilla coriacea"
"alch glab";"Alchemilla glabra"
"alch mont";"Alchemilla monticola"
"alch xant";"Alchemilla xanthochlora"
"anap marg";"Anaphalis margaritacea"
"arab turr";"Arabis turrita"
"aspl adul";"Asplenium adulterinum"
"aspl cetr";"Asplenium ceterach"
"aspl cune";"Asplenium cuneifolium"
"aste lanc";"Aster lanceolatus"
"aste sali x";"Aster x salignus"
"aste vers x";"Aster x versicolor"
"aven pube p";"Avenula pubescens ssp. pubescens"
"aven pube l";"Avenula pubescens ssp. laevigata"
"berb thun";"Berberis thunbergii"
"call hama";"Callitriche hamulata"
"care curv r";"Carex curvula ssp. rosae"
"care rand";"Carex randalpina"
"cast sati";"Castanea sativa"
"cent jace m";"Centaurea jacea ssp. macroptilon"
"clem tang";"Clematis tangutica"
"cyst dick";"Cystopteris dickieana"
"dact inca o";"Dactylorhiza incarnata ssp. ochroleuca"
"dian mons w";"Dianthus monspessulanus ssp. waldsteinii"
"dryo remo";"Dryopteris remota"
"fest diff";"Festuca diffusa"
"ficu cari";"Ficus carica"
"heli heli";"Heliopsis helianthoides"
"hera mant";"Heracleum mantegazzianum"
"hord hyst";"Hordeum hystrix"
"labu anag";"Laburnum anagyroides"
"lath odor";"Lathyrus odoratus"
"rhod inte x";"Rhododendron x intermedium"
"malv sylv s";"Malva sylvestris ssp. sylvestris"
"malv sylv m";"Malva sylvestris ssp. mauritiana"
"ment pule";"Mentha pulegium"
"micr lito";"Microrrhinum litorale"
"moru alba";"Morus alba"
"onop acan";"Onopordum acanthium"
"orob purp";"Orobanche purpurea"
"paul tome";"Paulownia tomentosa"
"phyt spic s";"Phyteuma spicatum ssp. spicatum"
"phyt spic c";"Phyteuma spicatum ssp. coeruleum"
"phyt amer";"Phytolacca americana"
"pseu orch";"Pseudolysimachion orchideum"
"rubu odor";"Rubus odoratus"
"sali glau";"Salix glaucosericea"
"salv offi";"Salvia officinalis"
"satu hort";"Satureja hortensis"
"saxi sarm";"Saxifraga sarmentosa"
"scro vern";"Scrophularia vernalis"
"sene eruc e";"Senecio erucifolius ssp. erucifolius"
"sicy angu";"Sicyos angulatus"
"sile pudi";"Silene pudibunda"
"sola nigr n";"Solanum nigrum ssp. nigrum"
"sola nigr s";"Solanum nigrum ssp. schultesii"
"spir buma x";"Spiraea x bumalda"
"spir japo";"Spiraea japonica"
"spir sali";"Spiraea salicifolia"
"thal flav";"Thalictrum flavum"
"thal dubi";"Thladiantha dubia"
"thym poly";"Thymus praecox ssp. polytrichus"
"thym prae";"Thymus praecox ssp. praecox"
"ulmu laev";"Ulmus laevis"
"utri aust";"Utricularia australis"
"vici tenu";"Vicia tenuifolia"
"viol papi";"Viola papilionacea"
"viol pyre";"Viola pyrenaica"
"phle bert";"Phleum bertolonii"
"epil sp";"Epilobium sp."
"orob sp";"Orobanche sp."
"sene sp";"Senecio sp."
"poly stri";"Polytrichum strictum"
"spha sp";"Sphagnum sp."
"crat comm";"Cratoneuron commutatum"
"cono coni";"Conocephalum conicum"
"dicr scop";"Dicranum scoparium"
"hylo sple";"Hylocomium splendens"
"marc poly";"Marchantia polymorpha"
"orth rufe";"Orthothecium rufescens"
"phil font";"Philonotis fontana"
"phil seri";"Philonotis seriata"
"pleu schr";"Pleurozium schreberi"
"poly comm";"Polytrichum commune"
"rhyt squa";"Rhytidiadelphus squarrosus"
"spha angu";"Sphagnum angustifolium"
"spha fall";"Sphagnum fallax"
"spha girg";"Sphagnum girgensohnii"
"spha mage";"Sphagnum magellanicum"
"spha palu";"Sphagnum palustre"
"rhyt triq";"Rhytidiadelphus triquetrus"
"aulu palu";"Aulacomnium palustre"
"rhiz punc";"Rhizomnium punctatum"
"cetr isla";"Cetraria islandica"
"clad verm";"Cladonia rangiferina"
"tham verm";"Thamnolia vermicularis"
"leth vulp";"Letharia vulpina"
"cetr niva";"Cetraria nivalis"
"ster alpi";"Stereocaulon alpinum"
"dory germ";"Dorycnium germanicum"
"lact pere";"Lactuca perennis"
"prun cers";"Prunus cerasifera"
"amel sp";"Amelanchia sp."
"hypn cupr";"Hypnum cupressiforme"
"rhyt tric";"Rhytidiadelphus triquetrus"
"eurh stri";"Eurhynchium striatum"
"plag undu";"Plagiomnium undulatum"
"visc laxu";"Viscum laxum ssp. laxum"
"leon hyos";"Leontodon hispidus ssp. hyoseroides"
"musc sp";"Muscari sp."
"tort tort";"Tortella tortuosa"
"colu arbo";"Colutea arborescens"
"aste amel";"Aster amellus"
"cala neps";"Calamintha nepetoides"
"micr minu";"Microrrhinum minus spp. minus"
"cara arbo";"Caragana arborescens"
"amel lama";"Amelanchier lamarkii"
"symp orbi";"Symphoricarpos orbicultus"
"botr isch";"Botriochloa ischaemum"
"sile glar";"Silene vulgaris spp. glareosa"
"levi offi";"Levisticum officinale"
"ambl vari";"Ambylstegium varium"
"brac rivu";"Brachythecium rviulare"
"bryu pseu";"Bryum pseudotriqetrum"
"bryu weig";"Bryum weigelii"
"call cusp";"Calliergonella cuspidata"
"camp stel";"Campylium stellatum"
"ditr flex";"Ditrichium flexicaule"
"drep coso";"Drepanocaldus cosonii"
"drep revo";"Drepanocaldus revolvens"
"hyme recu";"Hymenostylium recurvinata"
"hypn lind";"Hypnum lindbergii"
"jung atro";"Jungermannia atrovirens"
"marc aqua";"Marchantia polymorpha var. aquatica"
"palu comm";"Palustriella commutata"
"palu deci";"Palustriella decipiens"
"palu falc";"Palustriella falcata"
"pell endi";"Pellia endiviifolia"
"phil calc";"Philonotis calcarea"
"scor scor";"Scorpidium scorpioides"
"tome nite";"Tomentypnum nitens"
"barb croc";"Barbula crocea"
"ortho rufe";"Orthothecium rufescens"
"ambl fluv";"Amblystegium fluviatile"
"char sp";"Chara sp."
"fest tric";"Festuca trichophylla"
"sali rosm";"Salix repens ssp. rosmarinifoia"
"fiss adia";"Fissidens adianthoides"
"gali wirt";"Galium wirtgenii"
"ribe sp";"Ribes rubrum agg."
"aspe tinc";"Asperula tinctoria"
"heli prae";"Helictotrichon praeustum"
"glob bisn";"Globularia bisnagarica"
"sapo ocym";"Saponaria ocymoides"
"pote neum";"Potentilla neumanniana"
"fest gues";"Festuca ""guestfalica"""
"achi coll";"Achillea cf. collina"
"achi rose";"Achillea roseoalba"
"fest rupi";"Festuca rupicola"
"oeno glac";"Oenothera glazoviana"
"thes pyre a";"Thesium pyrenaicum ssp. alpestris"
"acon lyco v";"Aconitum lycoctonum ssp. vulparia"
"acon lyco l";"Aconitum lycoctonum ssp. lycoctonum"
"fest sp";"Festuca sp."
"gera sang";"Geranium sanguineum"
"grim tere";"Grimmia teretinervis"
"myos nemo";"Myosotis nemorosa"
"reyn x bo";"Reynutria x bohemica"
"dact maja b";"Dacytylorhiza majalis ssp. brevifolia"
"plan mari";"Plantago serpentina"
"sali x my";"Salix myrsinifolia x cinerea"
"cirs acau";"Cirsium acaulis"
"scle puru";"Scleropodium purum"
"aspl quad";"Asplenium trichomanes ssp. quadrivalens"
"epip x sc";"Epipactis helleborine x atrorubens (E. x schmalhausenii)"
"clim dend";"Climatium dendroides"
"alch alpi";"Alchemilla alpigena"
